date,team,opponent,offensive_first_downs,offensive_third_down_conversions,offensive_third_down_opportunities,offensive_fourth_down_conversions,offensive_fourth_down_conversion_attempts,offensive_passing_completions,offensive_passing_attempts,offensive_passing_yards,offensive_rushing_attempts,offensive_rushing_yards,offensive_total_yards,offensive_sacks_taken,offensive_yards_lost_from_sacks,offensive_fumbles,offensive_interceptions,offensive_turnovers,offensive_penalties,offensive_penalty_yards,offensive_redzone_conversions,offensive_redzone_drives,team_def_st_td,offensive_drives,team_offensive_time_of_possession,defensive_first_downs_allowed,defensive_third_down_conversions_allowed,defensive_third_down_opportunities,defensive_fourth_down_conversions_allowed,defensive_fourth_down_conversion_attempts,defensive_passing_completions,defensive_passing_attempts,defensive_passing_yards_allowed,defensive_rushing_attempts,defensive_rushing_yards_allowed,defensive_total_yards_allowed,defensive_sacks,defensive_sack_yards,defensive_fumbles_forced,defensive_int_forced,defensive_turnovers_forced,opposing_team_team_penalties,opposing_team_penalty_yards,defensive_redzone_conversions,defensive_redzone_opportunities,opposing_team_def_st_td,opposing_team_drives,opposing_team_possession,points_scored,points_allowed,team_score,opponent_score,game_result
2002-09-08,Jaguars,Colts,,,,,,,,,,,,,,,,,,,,,,,,,,,,,,,,,,,,,,,,,,,,,,,,,28,25,0
2002-09-15,Jaguars,Chiefs,19.0,8.0,16.0,3.0,3.0,22.0,36.0,225.0,32.0,118.0,343.0,1.0,3.0,1.0,1.0,2.0,5.0,40.0,0.0,8.0,0.0,16.0,32.55,18.0,9.0,14.0,0.0,0.0,19.0,31.0,203.0,28.0,104.0,307.0,1.0,8.0,2.0,0.0,2.0,2.0,14.0,0.0,6.0,2.0,17.0,27.45,28.0,25.0,23,16,0
2002-09-29,Jaguars,Jets,19.0,7.5,15.5,2.0,2.0,23.5,36.0,272.5,30.5,124.0,396.5,0.5,1.5,1.0,0.5,1.5,5.0,42.5,0.0,6.5,0.0,15.5,32.141666666666666,18.0,7.5,13.5,0.0,0.0,17.5,31.5,199.5,28.0,122.0,321.5,1.0,5.5,1.0,1.0,2.0,3.5,31.0,0.0,6.0,1.0,15.0,27.858333333333334,25.5,20.5,3,28,1
2002-10-06,Jaguars,Eagles,19.333333333333332,6.333333333333333,13.666666666666666,1.3333333333333333,1.3333333333333333,19.0,29.0,235.0,33.666666666666664,157.0,392.0,1.0,5.333333333333333,0.6666666666666666,0.3333333333333333,1.0,4.333333333333333,33.333333333333336,0.0,5.333333333333333,0.0,14.333333333333334,32.57222222222222,18.0,6.666666666666667,13.333333333333334,0.0,1.0,18.666666666666668,34.0,222.0,26.0,107.33333333333333,329.3333333333333,1.3333333333333333,8.333333333333334,1.3333333333333333,1.3333333333333333,2.6666666666666665,3.6666666666666665,29.0,0.0,5.333333333333333,0.6666666666666666,14.666666666666666,27.427777777777777,18.0,23.0,25,28,1
2002-10-13,Jaguars,Titans,18.5,5.25,13.0,1.25,1.25,17.5,27.5,225.5,32.0,135.25,360.75,1.0,4.0,0.5,0.25,0.75,4.25,30.25,0.0,5.0,0.25,14.0,30.6875,20.5,6.75,14.25,0.75,1.75,21.0,37.5,218.25,27.0,130.25,348.5,2.25,12.0,1.0,1.0,2.0,5.25,40.5,0.0,5.75,0.5,15.0,29.3125,19.75,24.25,14,23,1
2002-10-20,Jaguars,Ravens,17.4,5.0,12.2,1.0,1.0,15.4,24.6,194.0,30.8,134.2,328.2,1.4,6.4,0.4,0.6,1.0,4.2,28.6,0.0,4.6,0.2,14.0,29.006666666666668,21.4,7.4,14.8,1.0,1.8,22.0,37.2,218.2,29.6,134.6,352.8,2.0,11.2,1.0,0.8,1.8,5.2,43.4,0.0,5.8,0.4,14.6,30.993333333333332,18.6,24.0,10,17,1
2002-10-27,Jaguars,Texans,18.166666666666668,5.166666666666667,12.833333333333334,1.1666666666666667,1.5,16.833333333333332,28.166666666666668,199.0,30.666666666666668,140.66666666666666,339.6666666666667,1.5,6.5,0.3333333333333333,1.0,1.3333333333333333,4.333333333333333,28.833333333333332,0.0,5.0,0.16666666666666666,14.333333333333334,29.508333333333336,20.5,7.166666666666667,14.666666666666666,0.8333333333333334,1.5,20.666666666666668,35.666666666666664,205.66666666666666,30.0,131.83333333333334,337.5,2.0,10.833333333333334,1.1666666666666667,0.6666666666666666,1.8333333333333333,5.0,41.166666666666664,0.0,5.5,0.3333333333333333,14.666666666666666,30.491666666666664,17.166666666666668,22.833333333333332,21,19,0
2002-11-03,Jaguars,Giants,18.142857142857142,5.285714285714286,13.428571428571429,1.0,1.4285714285714286,16.714285714285715,29.0,194.0,30.857142857142858,138.57142857142858,332.57142857142856,2.0,11.0,0.2857142857142857,0.8571428571428571,1.1428571428571428,4.428571428571429,31.857142857142858,0.0,5.142857142857143,0.14285714285714285,15.0,30.099999999999998,19.285714285714285,6.571428571428571,14.428571428571429,0.7142857142857143,1.2857142857142858,19.285714285714285,33.142857142857146,199.28571428571428,30.142857142857142,124.57142857142857,323.85714285714283,2.2857142857142856,12.571428571428571,1.1428571428571428,0.5714285714285714,1.7142857142857142,5.571428571428571,43.857142857142854,0.0,5.428571428571429,0.2857142857142857,14.857142857142858,29.900000000000002,17.714285714285715,22.285714285714285,17,24,1
2002-11-10,Jaguars,Commanders,17.875,5.25,13.5,1.25,1.875,17.5,30.125,195.125,29.5,137.0,332.125,2.0,13.0,0.375,0.75,1.125,4.875,35.75,0.0,5.125,0.125,14.875,29.704166666666666,20.125,6.375,14.125,0.75,1.25,19.375,32.5,201.5,30.75,131.125,332.625,2.375,12.375,1.125,0.5,1.625,5.75,45.75,0.0,5.375,0.25,14.625,30.295833333333334,17.625,22.5,7,26,1
2002-11-17,Jaguars,Texans,17.88888888888889,5.333333333333333,13.666666666666666,1.1111111111111112,1.6666666666666667,17.666666666666668,30.0,192.0,29.77777777777778,137.55555555555554,329.55555555555554,2.111111111111111,14.555555555555555,0.3333333333333333,0.6666666666666666,1.0,5.222222222222222,37.888888888888886,0.0,5.0,0.1111111111111111,14.555555555555555,30.150000000000002,20.444444444444443,6.0,13.88888888888889,0.7777777777777778,1.4444444444444444,20.22222222222222,34.55555555555556,205.66666666666666,29.11111111111111,124.11111111111111,329.77777777777777,2.3333333333333335,12.88888888888889,1.0,0.7777777777777778,1.7777777777777777,5.777777777777778,46.111111111111114,0.0,5.555555555555555,0.2222222222222222,15.0,29.850000000000005,16.444444444444443,22.88888888888889,24,21,0
2002-11-24,Jaguars,Cowboys,17.7,5.2,13.5,1.1,1.6,17.4,29.5,192.7,29.6,136.0,328.7,2.4,15.6,0.3,0.7,1.0,5.4,40.3,0.0,5.1,0.1,14.7,30.02166666666667,20.2,5.6,13.6,0.8,1.5,20.4,34.1,204.5,29.0,119.5,324.0,2.5,15.0,1.0,0.8,1.8,5.7,45.5,0.0,5.3,0.2,15.2,29.978333333333335,17.2,22.7,19,21,1
2002-12-01,Jaguars,Steelers,17.818181818181817,5.181818181818182,13.545454545454545,1.1818181818181819,1.6363636363636365,17.818181818181817,30.454545454545453,192.8181818181818,29.272727272727273,135.63636363636363,328.45454545454544,2.3636363636363638,14.909090909090908,0.45454545454545453,0.7272727272727273,1.1818181818181819,5.909090909090909,43.81818181818182,0.0,5.2727272727272725,0.09090909090909091,14.818181818181818,29.825757575757574,20.272727272727273,5.2727272727272725,13.181818181818182,0.7272727272727273,1.3636363636363635,20.0,33.18181818181818,212.0,29.181818181818183,119.36363636363636,331.3636363636364,2.5454545454545454,14.909090909090908,1.0,0.9090909090909091,1.9090909090909092,6.090909090909091,48.18181818181818,0.0,5.181818181818182,0.18181818181818182,15.181818181818182,30.174242424242426,17.363636363636363,22.545454545454547,25,23,0
2002-12-08,Jaguars,Browns,17.416666666666668,5.0,13.333333333333334,1.1666666666666667,1.5833333333333333,17.333333333333332,29.833333333333332,187.08333333333334,28.583333333333332,132.83333333333334,319.9166666666667,2.4166666666666665,15.5,0.4166666666666667,0.6666666666666666,1.0833333333333333,5.416666666666667,40.166666666666664,0.0,5.5,0.08333333333333333,15.0,29.116666666666664,20.5,5.0,13.0,0.75,1.3333333333333333,19.75,32.666666666666664,209.66666666666666,30.083333333333332,127.66666666666667,337.3333333333333,2.5,15.083333333333334,0.9166666666666666,0.9166666666666666,1.8333333333333333,5.916666666666667,46.25,0.0,5.25,0.16666666666666666,15.166666666666666,30.883333333333336,18.0,22.583333333333332,21,20,0
2002-12-15,Jaguars,Bengals,17.076923076923077,4.769230769230769,13.153846153846153,1.0769230769230769,1.4615384615384615,16.76923076923077,28.615384615384617,176.84615384615384,28.76923076923077,134.69230769230768,311.53846153846155,2.4615384615384617,15.76923076923077,0.38461538461538464,0.6153846153846154,1.0,5.384615384615385,41.0,0.0,5.384615384615385,0.07692307692307693,14.923076923076923,28.805128205128202,20.53846153846154,5.153846153846154,13.153846153846153,0.6923076923076923,1.2307692307692308,19.846153846153847,32.84615384615385,212.30769230769232,30.307692307692307,131.15384615384616,343.46153846153845,2.5384615384615383,15.461538461538462,0.8461538461538461,1.0,1.8461538461538463,6.230769230769231,47.92307692307692,0.0,5.230769230769231,0.15384615384615385,15.307692307692308,31.194871794871794,18.23076923076923,22.384615384615383,29,15,0
2002-12-22,Jaguars,Titans,17.285714285714285,4.642857142857143,13.071428571428571,1.1428571428571428,1.5714285714285714,16.928571428571427,28.571428571428573,179.35714285714286,28.857142857142858,132.85714285714286,312.2142857142857,2.5,15.428571428571429,0.35714285714285715,0.5714285714285714,0.9285714285714286,5.357142857142857,41.92857142857143,0.0,5.428571428571429,0.07142857142857142,14.928571428571429,28.89166666666667,20.428571428571427,5.285714285714286,13.428571428571429,0.7142857142857143,1.3571428571428572,20.0,33.5,213.92857142857142,29.857142857142858,126.42857142857143,340.35714285714283,2.5714285714285716,16.0,0.8571428571428571,1.0,1.8571428571428572,6.142857142857143,46.57142857142857,0.0,5.428571428571429,0.14285714285714285,15.214285714285714,31.10833333333333,19.0,21.857142857142858,28,10,0
2002-12-29,Jaguars,Colts,17.0,4.333333333333333,12.933333333333334,1.2,1.6666666666666667,17.0,29.066666666666666,176.66666666666666,28.133333333333333,129.0,305.6666666666667,2.6,15.6,0.3333333333333333,0.6,0.9333333333333333,5.533333333333333,42.53333333333333,0.0,5.333333333333333,0.06666666666666667,14.866666666666667,28.58888888888889,20.4,5.2,13.266666666666667,0.6666666666666666,1.2666666666666666,19.6,32.733333333333334,207.86666666666667,30.533333333333335,129.66666666666666,337.53333333333336,2.4,14.933333333333334,0.8,0.9333333333333333,1.7333333333333334,6.0,45.46666666666667,0.0,5.4,0.26666666666666666,15.133333333333333,31.41111111111111,19.6,21.066666666666666,13,20,1
2003-09-07,Jaguars,Panthers,17.066666666666666,4.2,12.733333333333333,1.0,1.5333333333333334,16.4,28.4,169.13333333333333,28.2,131.4,300.53333333333336,2.7333333333333334,16.933333333333334,0.3333333333333333,0.5333333333333333,0.8666666666666667,5.6,43.0,0.0,5.2,0.06666666666666667,14.666666666666666,28.384444444444444,20.4,4.933333333333334,13.2,0.7333333333333333,1.3333333333333333,19.666666666666668,32.53333333333333,204.06666666666666,30.6,131.13333333333333,335.2,2.3333333333333335,14.4,0.7333333333333333,0.9333333333333333,1.6666666666666667,6.266666666666667,46.86666666666667,0.0,5.466666666666667,0.13333333333333333,14.733333333333333,31.615555555555556,18.6,20.733333333333334,23,24,1
2003-09-14,Jaguars,Bills,16.933333333333334,4.0,12.6,0.9333333333333333,1.4666666666666666,16.266666666666666,27.8,164.86666666666667,28.133333333333333,127.73333333333333,292.6,3.0,18.0,0.3333333333333333,0.5333333333333333,0.8666666666666667,5.8,45.46666666666667,0.0,4.866666666666666,0.06666666666666667,13.8,28.494444444444444,20.333333333333332,4.8,13.266666666666667,0.8,1.4,19.666666666666668,32.4,199.0,30.466666666666665,129.93333333333334,328.93333333333334,2.6,15.6,0.7333333333333333,0.9333333333333333,1.6666666666666667,6.533333333333333,49.2,0.0,5.133333333333334,0.13333333333333333,14.066666666666666,31.505555555555556,18.6,21.266666666666666,38,17,0
2003-09-21,Jaguars,Colts,16.933333333333334,4.0,12.866666666666667,1.1333333333333333,1.7333333333333334,17.333333333333332,29.466666666666665,167.0,26.933333333333334,119.2,286.2,3.066666666666667,18.6,0.3333333333333333,0.5333333333333333,0.8666666666666667,6.133333333333334,50.93333333333333,0.0,5.2,0.06666666666666667,14.066666666666666,28.18777777777778,20.466666666666665,5.0,13.333333333333334,0.8666666666666667,1.3333333333333333,19.6,31.6,203.06666666666666,31.133333333333333,127.6,330.6666666666667,2.466666666666667,14.666666666666666,0.6,0.8,1.4,6.666666666666667,51.2,0.0,5.266666666666667,0.13333333333333333,14.0,31.81222222222222,20.933333333333334,20.533333333333335,13,23,1
2003-09-28,Jaguars,Texans,16.866666666666667,4.2,13.0,1.0666666666666667,1.6666666666666667,17.533333333333335,29.8,161.46666666666667,26.8,124.66666666666667,286.1333333333333,3.1333333333333333,19.133333333333333,0.4,0.5333333333333333,0.9333333333333333,6.333333333333333,52.06666666666667,0.0,5.466666666666667,0.0,14.2,28.105555555555554,19.733333333333334,5.0,13.133333333333333,0.6666666666666666,1.0666666666666667,19.133333333333333,30.6,203.66666666666666,31.133333333333333,119.2,322.8666666666667,2.1333333333333333,13.133333333333333,0.6,0.8666666666666667,1.4666666666666666,6.266666666666667,47.53333333333333,0.0,5.133333333333334,0.13333333333333333,13.866666666666667,31.894444444444446,20.133333333333333,20.2,20,24,1
2003-10-05,Jaguars,Chargers,17.0,4.066666666666666,13.133333333333333,1.1333333333333333,1.7333333333333334,18.266666666666666,31.4,174.46666666666667,26.533333333333335,121.26666666666667,295.73333333333335,2.933333333333333,18.066666666666666,0.5333333333333333,0.6,1.1333333333333333,6.666666666666667,53.8,0.0,5.6,0.0,14.333333333333334,28.271111111111107,19.466666666666665,4.8,13.066666666666666,0.6,1.0,18.933333333333334,30.666666666666668,204.4,30.933333333333334,116.4,320.8,2.1333333333333333,12.933333333333334,0.6666666666666666,1.0,1.6666666666666667,6.2,46.733333333333334,0.0,5.133333333333334,0.13333333333333333,14.133333333333333,31.728888888888893,20.533333333333335,20.266666666666666,21,27,1
2003-10-12,Jaguars,Dolphins,16.933333333333334,4.066666666666666,13.0,1.0,1.5333333333333334,17.933333333333334,30.2,180.4,27.0,117.93333333333334,298.3333333333333,3.0,19.133333333333333,0.6,0.4,1.0,6.866666666666666,57.733333333333334,0.0,5.4,0.0,14.266666666666667,28.35111111111111,19.8,4.733333333333333,12.866666666666667,0.6,1.0,19.6,31.533333333333335,213.33333333333334,29.666666666666668,113.13333333333334,326.46666666666664,2.2666666666666666,13.6,0.6666666666666666,1.0,1.6666666666666667,6.6,48.8,0.0,5.133333333333334,0.13333333333333333,14.133333333333333,31.64888888888889,21.266666666666666,20.933333333333334,24,10,0
2003-10-26,Jaguars,Titans,17.2,4.2,13.0,1.0,1.6666666666666667,18.466666666666665,30.733333333333334,185.73333333333332,26.866666666666667,115.4,301.1333333333333,2.933333333333333,17.4,0.7333333333333333,0.6,1.3333333333333333,7.0,57.733333333333334,0.0,5.333333333333333,0.0,14.066666666666666,28.30111111111111,20.066666666666666,4.8,12.666666666666666,0.6,1.0,19.8,32.13333333333333,212.13333333333333,29.2,113.8,325.93333333333334,2.066666666666667,12.333333333333334,0.6666666666666666,1.0666666666666667,1.7333333333333334,6.733333333333333,54.733333333333334,0.0,5.066666666666666,0.3333333333333333,14.0,31.69888888888889,21.466666666666665,20.333333333333332,30,17,0
2003-11-02,Jaguars,Ravens,17.133333333333333,4.2,12.733333333333333,0.8,1.4,18.533333333333335,30.8,188.13333333333333,26.266666666666666,110.6,298.73333333333335,2.933333333333333,15.933333333333334,0.7333333333333333,0.7333333333333333,1.4666666666666666,6.8,56.53333333333333,0.0,5.466666666666667,0.0,14.2,27.89,19.866666666666667,5.0,12.8,0.6,1.0,19.866666666666667,32.06666666666667,210.13333333333333,29.4,110.86666666666666,321.0,1.8666666666666667,11.6,0.6,1.1333333333333333,1.7333333333333334,6.8,54.06666666666667,0.0,5.2,0.3333333333333333,14.0,32.11,22.333333333333332,19.866666666666667,17,24,1
2003-11-09,Jaguars,Colts,17.266666666666666,4.0,12.666666666666666,0.8666666666666667,1.4666666666666666,18.733333333333334,31.133333333333333,189.4,26.333333333333332,110.06666666666666,299.46666666666664,3.0,15.6,0.8666666666666667,0.8,1.6666666666666667,6.733333333333333,56.333333333333336,0.0,5.6,0.13333333333333333,14.6,27.967777777777776,18.933333333333334,5.2,13.0,0.5333333333333333,0.8,18.733333333333334,30.2,204.6,30.333333333333332,113.2,317.8,1.7333333333333334,10.466666666666667,0.6666666666666666,1.0,1.6666666666666667,6.866666666666666,53.46666666666667,0.0,5.0,0.3333333333333333,13.933333333333334,32.03222222222222,23.0,19.733333333333334,23,28,1
2003-11-16,Jaguars,Titans,17.533333333333335,4.333333333333333,12.8,0.8,1.4666666666666666,18.533333333333335,31.066666666666666,188.06666666666666,27.0,113.53333333333333,301.6,2.6666666666666665,13.933333333333334,0.9333333333333333,0.8,1.7333333333333334,6.733333333333333,55.333333333333336,0.0,5.733333333333333,0.13333333333333333,14.666666666666666,28.15333333333333,19.066666666666666,5.466666666666667,13.266666666666667,0.5333333333333333,0.7333333333333333,19.133333333333333,31.2,214.8,29.866666666666667,111.13333333333334,325.93333333333334,1.4666666666666666,8.2,0.6,1.0666666666666667,1.6666666666666667,7.0,53.333333333333336,0.0,5.2,0.3333333333333333,13.8,31.846666666666668,22.933333333333334,20.2,3,10,1
2003-11-23,Jaguars,Jets,17.333333333333332,4.133333333333334,12.733333333333333,0.8,1.5333333333333334,18.066666666666666,30.466666666666665,184.8,27.266666666666666,113.13333333333334,297.93333333333334,2.6,13.8,0.8,0.8666666666666667,1.6666666666666667,6.2,51.06666666666667,0.0,5.4,0.13333333333333333,14.533333333333333,28.326666666666668,18.533333333333335,5.8,13.666666666666666,0.5333333333333333,0.8,18.933333333333334,31.333333333333332,205.66666666666666,29.933333333333334,109.66666666666667,315.3333333333333,1.4,8.333333333333334,0.6666666666666666,1.0,1.6666666666666667,6.466666666666667,49.13333333333333,0.0,5.266666666666667,0.3333333333333333,13.666666666666666,31.673333333333336,21.866666666666667,19.466666666666665,10,13,1
2003-11-30,Jaguars,Buccaneers,17.8,4.2,12.933333333333334,0.8,1.6666666666666667,18.4,31.133333333333333,188.0,28.333333333333332,116.86666666666666,304.8666666666667,2.466666666666667,12.333333333333334,0.8666666666666667,0.9333333333333333,1.8,6.4,53.53333333333333,0.0,5.333333333333333,0.13333333333333333,14.4,29.072222222222226,18.133333333333333,5.933333333333334,13.8,0.4666666666666667,0.8,19.466666666666665,32.13333333333333,208.13333333333333,28.666666666666668,99.13333333333334,307.26666666666665,1.4,8.2,0.6666666666666666,1.0,1.6666666666666667,6.6,50.46666666666667,0.0,5.2,0.3333333333333333,13.466666666666667,30.92777777777778,20.866666666666667,18.8,10,17,1
2003-12-07,Jaguars,Texans,18.333333333333332,4.333333333333333,13.0,0.8666666666666667,1.8,19.066666666666666,32.46666666666667,199.33333333333334,28.6,115.4,314.73333333333335,2.2666666666666666,11.066666666666666,0.9333333333333333,0.9333333333333333,1.8666666666666667,6.4,53.333333333333336,0.0,5.4,0.13333333333333333,14.333333333333334,29.50111111111111,17.8,5.6,13.6,0.5333333333333333,0.9333333333333333,19.466666666666665,32.333333333333336,201.46666666666667,27.733333333333334,92.73333333333333,294.2,1.3333333333333333,7.666666666666667,0.6666666666666666,0.9333333333333333,1.6,6.4,51.266666666666666,0.0,5.0,0.3333333333333333,13.066666666666666,30.49888888888889,20.133333333333333,18.6,0,27,1
2003-12-14,Jaguars,Patriots,18.533333333333335,4.6,13.333333333333334,0.8,1.6666666666666667,19.0,32.53333333333333,197.33333333333334,29.266666666666666,122.0,319.3333333333333,2.1333333333333333,11.133333333333333,0.9333333333333333,0.9333333333333333,1.8666666666666667,6.533333333333333,54.4,0.0,5.333333333333333,0.13333333333333333,14.2,29.884444444444444,17.0,5.2,13.266666666666667,0.4666666666666667,0.7333333333333333,18.733333333333334,31.066666666666666,189.4,27.666666666666668,93.06666666666666,282.46666666666664,1.3333333333333333,7.266666666666667,0.7333333333333333,0.9333333333333333,1.6666666666666667,6.733333333333333,55.06666666666667,0.0,4.533333333333333,0.3333333333333333,13.333333333333334,30.115555555555556,18.2,19.4,13,27,1
2003-12-21,Jaguars,Saints,18.8,5.0,13.533333333333333,0.6666666666666666,1.4666666666666666,19.2,32.8,206.86666666666667,29.4,121.8,328.6666666666667,1.9333333333333333,10.333333333333334,0.9333333333333333,1.0,1.9333333333333333,6.533333333333333,55.0,0.0,5.533333333333333,0.13333333333333333,14.4,30.082222222222224,16.866666666666667,5.466666666666667,13.6,0.5333333333333333,0.8666666666666667,19.266666666666666,31.866666666666667,195.33333333333334,27.133333333333333,87.0,282.3333333333333,1.4666666666666666,8.333333333333334,0.8,0.9333333333333333,1.7333333333333334,6.733333333333333,56.733333333333334,0.0,4.6,0.2,13.333333333333334,29.917777777777776,17.2,20.533333333333335,19,20,1
2003-12-28,Jaguars,Falcons,18.933333333333334,5.0,13.533333333333333,0.7333333333333333,1.5333333333333334,18.933333333333334,32.2,208.13333333333333,30.2,127.73333333333333,335.8666666666667,1.8,8.8,0.8666666666666667,1.1333333333333333,2.0,6.6,56.46666666666667,0.0,5.6,0.13333333333333333,14.4,30.25333333333333,17.0,5.533333333333333,13.6,0.4666666666666667,0.9333333333333333,19.4,32.53333333333333,204.86666666666667,26.866666666666667,82.66666666666667,287.53333333333336,1.5333333333333334,8.8,0.8,0.9333333333333333,1.7333333333333334,6.6,56.4,0.0,4.6,0.2,13.6,29.746666666666666,17.6,20.533333333333335,14,21,1
2004-09-12,Jaguars,Bills,19.2,5.066666666666666,13.533333333333333,0.8666666666666667,1.7333333333333334,18.666666666666668,32.53333333333333,201.93333333333334,30.2,133.2,335.1333333333333,1.6,8.0,0.8666666666666667,1.1333333333333333,2.0,6.666666666666667,54.2,0.0,5.933333333333334,0.13333333333333333,15.066666666666666,29.936666666666667,17.266666666666666,5.866666666666666,13.6,0.4,0.8666666666666667,19.133333333333333,32.0,208.73333333333332,27.733333333333334,85.6,294.3333333333333,1.2666666666666666,7.533333333333333,0.8,0.8666666666666667,1.6666666666666667,6.266666666666667,53.2,0.0,4.733333333333333,0.2,14.133333333333333,30.063333333333333,17.0,20.333333333333332,13,10,0
2004-09-19,Jaguars,Broncos,18.8,4.933333333333334,13.466666666666667,0.8666666666666667,1.6666666666666667,18.133333333333333,32.266666666666666,198.6,30.266666666666666,132.4,331.0,1.5333333333333334,6.866666666666666,0.8666666666666667,1.2666666666666666,2.1333333333333333,6.733333333333333,51.06666666666667,0.0,5.733333333333333,0.13333333333333333,14.866666666666667,29.755555555555556,17.0,5.8,13.6,0.3333333333333333,0.7333333333333333,18.933333333333334,31.933333333333334,196.66666666666666,28.0,89.06666666666666,285.73333333333335,1.3333333333333333,7.933333333333334,0.9333333333333333,0.8666666666666667,1.8,6.333333333333333,54.733333333333334,0.0,4.533333333333333,0.2,14.133333333333333,30.24444444444445,15.333333333333334,19.866666666666667,6,7,1
2004-09-26,Jaguars,Titans,18.333333333333332,4.666666666666667,13.266666666666667,0.8666666666666667,1.6666666666666667,17.6,31.466666666666665,198.26666666666668,30.066666666666666,126.73333333333333,325.0,1.5333333333333334,7.066666666666666,0.8,1.2666666666666666,2.066666666666667,6.933333333333334,54.2,0.0,5.333333333333333,0.13333333333333333,14.666666666666666,29.69333333333333,17.2,5.733333333333333,13.8,0.3333333333333333,0.7333333333333333,19.066666666666666,32.333333333333336,198.93333333333334,28.333333333333332,91.26666666666667,290.2,1.3333333333333333,7.933333333333334,1.0,0.8,1.8,6.533333333333333,57.2,0.0,4.266666666666667,0.2,14.066666666666666,30.30666666666667,14.866666666666667,18.8,15,12,0
2004-10-03,Jaguars,Colts,18.333333333333332,4.733333333333333,13.266666666666667,0.8666666666666667,1.6666666666666667,17.333333333333332,30.333333333333332,188.53333333333333,30.533333333333335,130.53333333333333,319.06666666666666,1.6666666666666667,7.533333333333333,0.6666666666666666,1.0666666666666667,1.7333333333333334,6.933333333333334,56.8,0.0,5.266666666666667,0.13333333333333333,14.4,29.96,16.666666666666668,5.666666666666667,13.6,0.26666666666666666,0.6666666666666666,18.6,31.666666666666668,192.33333333333334,27.6,91.86666666666666,284.2,1.4666666666666666,8.466666666666667,0.8666666666666667,0.7333333333333333,1.6,6.666666666666667,58.06666666666667,0.0,4.066666666666666,0.2,13.733333333333333,30.04,14.533333333333333,18.0,24,17,0
2004-10-10,Jaguars,Chargers,18.466666666666665,4.866666666666666,13.333333333333334,0.9333333333333333,1.8,18.0,31.2,188.4,30.133333333333333,128.8,317.2,1.5333333333333334,6.466666666666667,0.6666666666666666,1.0666666666666667,1.7333333333333334,6.733333333333333,52.733333333333334,0.0,5.2,0.13333333333333333,14.266666666666667,30.115555555555552,16.8,5.533333333333333,13.4,0.26666666666666666,0.6666666666666666,18.333333333333332,30.866666666666667,188.53333333333333,28.533333333333335,95.06666666666666,283.6,1.2,7.2,0.7333333333333333,0.8,1.5333333333333334,6.2,55.733333333333334,0.0,4.133333333333334,0.2,13.533333333333333,29.884444444444448,14.733333333333333,17.333333333333332,21,34,1
2004-10-17,Jaguars,Chiefs,18.866666666666667,4.8,13.133333333333333,1.0666666666666667,1.8,18.8,32.0,195.4,29.333333333333332,128.26666666666668,323.6666666666667,1.4666666666666666,6.2,0.6,1.0,1.6,6.6,51.6,0.0,5.533333333333333,0.13333333333333333,14.333333333333334,29.924444444444443,16.933333333333334,5.866666666666666,13.733333333333333,0.26666666666666666,0.6666666666666666,18.533333333333335,30.8,193.0,29.266666666666666,100.73333333333333,293.73333333333335,1.2,7.0,0.6666666666666666,0.7333333333333333,1.4,5.733333333333333,48.733333333333334,0.0,4.4,0.0,13.6,30.075555555555557,14.533333333333333,18.933333333333334,16,22,1
2004-10-24,Jaguars,Colts,19.133333333333333,4.866666666666666,13.333333333333334,1.0666666666666667,1.8,18.8,31.8,197.93333333333334,30.133333333333333,131.4,329.3333333333333,1.6,7.266666666666667,0.5333333333333333,0.8666666666666667,1.4,6.6,51.666666666666664,0.0,5.4,0.13333333333333333,14.133333333333333,30.54,16.666666666666668,5.733333333333333,13.666666666666666,0.2,0.6,18.666666666666668,31.2,198.73333333333332,28.133333333333333,97.0,295.73333333333335,1.6,9.8,0.6666666666666666,0.7333333333333333,1.4,5.533333333333333,47.46666666666667,0.0,4.2,0.0,13.6,29.459999999999997,13.6,19.266666666666666,27,24,0
2004-10-31,Jaguars,Texans,19.133333333333333,5.0,13.133333333333333,1.0,1.8,18.866666666666667,31.533333333333335,204.6,29.733333333333334,131.0,335.6,1.5333333333333334,6.733333333333333,0.4666666666666667,0.8666666666666667,1.3333333333333333,6.533333333333333,51.4,0.0,5.533333333333333,0.0,13.866666666666667,30.51888888888889,17.6,5.733333333333333,13.333333333333334,0.2,0.6,19.8,32.333333333333336,212.26666666666668,27.333333333333332,95.93333333333334,308.2,1.6666666666666667,10.4,0.7333333333333333,0.6666666666666666,1.4,5.866666666666666,48.93333333333333,0.0,4.4,0.0,13.533333333333333,29.48111111111111,14.266666666666667,19.266666666666666,6,20,1
2004-11-14,Jaguars,Lions,18.733333333333334,4.666666666666667,13.0,1.0,1.7333333333333334,19.866666666666667,32.733333333333334,209.2,28.0,122.0,331.2,1.6,7.2,0.4,0.9333333333333333,1.3333333333333333,6.8,53.6,0.0,5.2,0.0,13.6,30.068888888888885,17.866666666666667,5.6,13.2,0.26666666666666666,0.6666666666666666,19.666666666666668,31.666666666666668,207.53333333333333,28.066666666666666,99.0,306.53333333333336,1.6666666666666667,10.4,0.8666666666666667,0.5333333333333333,1.4,5.933333333333334,51.4,0.0,4.333333333333333,0.13333333333333333,13.333333333333334,29.931111111111115,13.133333333333333,18.733333333333334,17,23,1
2004-11-21,Jaguars,Titans,19.133333333333333,5.333333333333333,13.6,0.8666666666666667,1.6666666666666667,20.133333333333333,33.06666666666667,211.26666666666668,29.333333333333332,129.53333333333333,340.8,1.7333333333333334,8.266666666666667,0.4,0.8,1.2,7.266666666666667,59.2,0.0,5.4,0.0,13.866666666666667,30.819999999999997,17.666666666666668,5.266666666666667,13.133333333333333,0.26666666666666666,0.7333333333333333,19.533333333333335,32.13333333333333,204.8,27.2,98.0,302.8,1.6666666666666667,10.133333333333333,0.7333333333333333,0.5333333333333333,1.2666666666666666,6.333333333333333,53.6,0.0,4.133333333333334,0.26666666666666666,13.466666666666667,29.54444444444444,14.066666666666666,19.6,18,15,0
2004-11-28,Jaguars,Vikings,19.0,5.266666666666667,13.533333333333333,0.8666666666666667,1.5333333333333334,19.866666666666667,32.666666666666664,208.0,29.0,129.06666666666666,337.06666666666666,1.8,8.666666666666666,0.4,0.8,1.2,7.266666666666667,58.2,0.0,5.2,0.0,13.933333333333334,30.755555555555553,17.466666666666665,5.266666666666667,13.133333333333333,0.3333333333333333,0.7333333333333333,19.066666666666666,31.533333333333335,202.86666666666667,27.6,100.8,303.6666666666667,1.7333333333333334,10.266666666666667,0.7333333333333333,0.6,1.3333333333333333,6.2,53.86666666666667,0.0,4.0,0.26666666666666666,13.733333333333333,29.608888888888888,14.6,19.733333333333334,16,27,1
2004-12-05,Jaguars,Steelers,18.8,5.466666666666667,13.733333333333333,0.8,1.4666666666666666,19.8,32.666666666666664,208.06666666666666,28.466666666666665,130.33333333333334,338.4,1.9333333333333333,9.333333333333334,0.4666666666666667,0.8,1.2666666666666666,7.333333333333333,58.0,0.0,5.333333333333333,0.0,13.933333333333334,30.741111111111113,18.0,5.533333333333333,13.0,0.26666666666666666,0.6,18.933333333333334,30.8,207.8,28.333333333333332,103.13333333333334,310.93333333333334,1.8666666666666667,10.6,0.8,0.6,1.4,6.0,50.86666666666667,0.0,4.2,0.4,13.933333333333334,29.62333333333333,15.0,20.4,17,16,0
2004-12-12,Jaguars,Bears,18.6,5.4,13.533333333333333,0.7333333333333333,1.4,19.666666666666668,32.53333333333333,213.2,28.066666666666666,123.13333333333334,336.3333333333333,2.0,9.133333333333333,0.4666666666666667,0.8,1.2666666666666666,7.066666666666666,55.0,0.0,5.533333333333333,0.0,13.866666666666667,30.66444444444444,18.533333333333335,5.8,12.866666666666667,0.26666666666666666,0.6,19.133333333333333,30.4,217.26666666666668,28.466666666666665,106.46666666666667,323.73333333333335,1.8666666666666667,11.133333333333333,0.6666666666666666,0.5333333333333333,1.2,6.066666666666666,50.6,0.0,4.2,0.4,13.6,29.7,16.133333333333333,19.666666666666668,3,22,1
2004-12-19,Jaguars,Packers,18.933333333333334,5.266666666666667,13.6,0.7333333333333333,1.4,19.933333333333334,32.86666666666667,210.53333333333333,28.6,124.33333333333333,334.8666666666667,1.9333333333333333,8.733333333333333,0.4666666666666667,0.7333333333333333,1.2,7.066666666666666,56.0,0.0,5.4,0.0,13.8,31.224444444444444,18.0,5.4,12.6,0.2,0.5333333333333333,18.8,30.333333333333332,215.06666666666666,27.266666666666666,102.93333333333334,318.0,2.066666666666667,12.266666666666667,0.6666666666666666,0.6,1.2666666666666666,6.666666666666667,53.86666666666667,0.0,4.2,0.4,13.866666666666667,29.14,15.466666666666667,19.333333333333332,28,25,0
2004-12-26,Jaguars,Texans,18.733333333333334,5.066666666666666,13.466666666666667,0.7333333333333333,1.3333333333333333,19.933333333333334,33.06666666666667,209.46666666666667,28.0,121.26666666666667,330.73333333333335,1.9333333333333333,9.133333333333333,0.6,0.6,1.2,7.066666666666666,57.06666666666667,0.0,5.2,0.0,14.133333333333333,31.134444444444448,18.4,5.4,12.466666666666667,0.2,0.4,19.333333333333332,30.733333333333334,219.13333333333333,27.0,105.13333333333334,324.26666666666665,2.1333333333333333,12.933333333333334,0.7333333333333333,0.8,1.5333333333333334,7.2,58.6,0.0,4.333333333333333,0.5333333333333333,14.066666666666666,29.230000000000004,16.066666666666666,19.666666666666668,21,0,0
2005-01-02,Jaguars,Raiders,17.733333333333334,4.8,13.266666666666667,0.6,1.1333333333333333,19.333333333333332,32.333333333333336,200.66666666666666,27.466666666666665,117.13333333333334,317.8,2.066666666666667,10.4,0.6666666666666666,0.6666666666666666,1.3333333333333333,6.8,56.86666666666667,0.0,5.066666666666666,0.0,14.333333333333334,30.627777777777776,18.266666666666666,5.266666666666667,12.533333333333333,0.2,0.4,19.4,30.533333333333335,214.86666666666667,27.333333333333332,108.66666666666667,323.53333333333336,2.3333333333333335,13.933333333333334,0.7333333333333333,0.8666666666666667,1.6,7.333333333333333,59.6,0.0,4.466666666666667,0.6666666666666666,14.2,29.736666666666668,16.533333333333335,18.266666666666666,13,6,0
2005-09-11,Jaguars,Seahawks,17.666666666666668,5.2,13.6,0.4666666666666667,1.0,19.133333333333333,31.8,201.13333333333333,28.2,117.8,318.93333333333334,2.0,10.066666666666666,0.7333333333333333,0.6,1.3333333333333333,6.666666666666667,59.333333333333336,0.0,5.133333333333334,0.0,14.466666666666667,30.94555555555555,18.266666666666666,5.133333333333334,12.733333333333333,0.3333333333333333,0.6666666666666666,19.266666666666666,31.4,214.0,26.8,112.13333333333334,326.1333333333333,2.4,14.066666666666666,0.6666666666666666,1.0666666666666667,1.7333333333333334,7.4,59.2,0.0,4.666666666666667,0.6666666666666666,14.4,29.418888888888887,16.533333333333335,18.0,14,26,1
2005-09-18,Jaguars,Colts,18.333333333333332,5.4,13.8,0.4666666666666667,1.0,19.8,32.86666666666667,210.06666666666666,28.8,121.26666666666667,331.3333333333333,2.066666666666667,10.333333333333334,0.7333333333333333,0.6,1.3333333333333333,6.4,55.733333333333334,0.0,5.2,0.0,14.533333333333333,31.7,18.266666666666666,4.933333333333334,12.2,0.3333333333333333,0.6666666666666666,19.133333333333333,31.2,212.33333333333334,25.733333333333334,111.53333333333333,323.8666666666667,2.6,15.466666666666667,0.8,1.2,2.0,7.266666666666667,57.333333333333336,0.0,4.666666666666667,0.6666666666666666,14.266666666666667,28.66444444444444,17.066666666666666,19.266666666666666,3,10,1
2005-09-25,Jaguars,Jets,18.133333333333333,5.6,14.066666666666666,0.4,0.9333333333333333,19.933333333333334,33.46666666666667,213.93333333333334,28.466666666666665,120.73333333333333,334.6666666666667,2.3333333333333335,11.4,0.7333333333333333,0.6,1.3333333333333333,6.266666666666667,53.93333333333333,0.0,5.0,0.0,14.466666666666667,31.871111111111112,18.6,5.0,12.4,0.3333333333333333,0.6666666666666666,18.933333333333334,31.266666666666666,211.8,26.533333333333335,113.33333333333333,325.1333333333333,2.4,14.6,0.8,1.2,2.0,7.266666666666667,56.6,0.0,4.6,0.6666666666666666,14.2,28.493333333333336,16.266666666666666,19.133333333333333,26,20,0
2005-10-02,Jaguars,Broncos,17.666666666666668,5.733333333333333,14.4,0.4,0.8,19.066666666666666,32.333333333333336,204.46666666666667,29.533333333333335,123.53333333333333,328.0,2.4,11.466666666666667,0.8,0.6666666666666666,1.4666666666666666,6.533333333333333,57.733333333333334,0.0,5.0,0.0,14.733333333333333,32.202222222222225,17.866666666666667,5.0,12.666666666666666,0.3333333333333333,0.6666666666666666,18.333333333333332,30.8,202.4,26.4,111.46666666666667,313.8666666666667,2.6666666666666665,15.666666666666666,0.8666666666666667,1.2666666666666666,2.1333333333333333,7.466666666666667,57.8,0.0,4.466666666666667,0.8,14.2,28.567777777777778,16.4,19.333333333333332,20,7,0
2005-10-09,Jaguars,Bengals,16.666666666666668,5.466666666666667,14.066666666666666,0.26666666666666666,0.6,18.0,31.0,196.46666666666667,29.066666666666666,119.0,315.46666666666664,2.3333333333333335,11.666666666666666,0.8666666666666667,0.6666666666666666,1.5333333333333334,7.2,63.46666666666667,0.0,4.333333333333333,0.0,14.266666666666667,31.66111111111111,18.266666666666666,4.733333333333333,12.666666666666666,0.4666666666666667,0.8,18.466666666666665,30.8,196.26666666666668,27.0,112.26666666666667,308.53333333333336,2.8,16.8,0.8666666666666667,1.2666666666666666,2.1333333333333333,7.533333333333333,56.86666666666667,0.0,4.2,0.8,14.0,29.108888888888888,16.333333333333332,17.533333333333335,20,23,1
2005-10-16,Jaguars,Steelers,16.666666666666668,5.2,13.933333333333334,0.26666666666666666,0.5333333333333333,17.066666666666666,30.2,188.73333333333332,30.0,124.33333333333333,313.06666666666666,2.066666666666667,10.266666666666667,0.9333333333333333,0.6666666666666666,1.6,7.533333333333333,66.93333333333334,0.0,4.133333333333334,0.0,14.2,31.62222222222222,18.333333333333332,4.6,12.666666666666666,0.4666666666666667,0.8666666666666667,18.4,30.8,193.53333333333333,27.333333333333332,115.93333333333334,309.46666666666664,2.533333333333333,14.466666666666667,0.9333333333333333,1.2,2.1333333333333333,8.0,61.13333333333333,0.0,4.133333333333334,0.8,13.933333333333334,29.14777777777778,16.6,17.6,23,17,0
2005-10-30,Jaguars,Rams,16.466666666666665,5.333333333333333,14.466666666666667,0.26666666666666666,0.5333333333333333,16.8,30.533333333333335,179.86666666666667,30.533333333333335,122.0,301.8666666666667,2.066666666666667,10.933333333333334,0.8666666666666667,0.6666666666666666,1.5333333333333334,7.8,70.8,0.0,3.8,0.13333333333333333,14.2,31.727777777777778,17.866666666666667,4.266666666666667,12.8,0.4666666666666667,0.8666666666666667,17.333333333333332,30.0,179.26666666666668,28.133333333333333,115.0,294.26666666666665,2.6,14.466666666666667,0.8666666666666667,1.4,2.2666666666666666,7.666666666666667,62.333333333333336,0.0,3.8,0.8666666666666667,14.0,29.282222222222224,16.333333333333332,17.133333333333333,21,24,1
2005-11-06,Jaguars,Texans,16.6,5.466666666666667,14.6,0.3333333333333333,0.7333333333333333,16.2,29.8,177.06666666666666,31.6,134.13333333333333,311.2,2.1333333333333333,10.933333333333334,0.9333333333333333,0.6,1.5333333333333334,7.333333333333333,67.13333333333334,0.0,3.7333333333333334,0.13333333333333333,14.2,32.15888888888889,17.266666666666666,4.266666666666667,12.733333333333333,0.3333333333333333,0.7333333333333333,16.466666666666665,29.066666666666666,173.26666666666668,28.2,122.13333333333334,295.4,2.7333333333333334,15.4,0.7333333333333333,1.6,2.3333333333333335,7.733333333333333,61.266666666666666,0.0,3.6,0.8,14.133333333333333,28.85111111111111,17.333333333333332,17.4,14,21,1
2005-11-13,Jaguars,Ravens,16.333333333333332,5.066666666666666,13.933333333333334,0.3333333333333333,0.6,16.2,29.066666666666666,179.6,30.066666666666666,124.73333333333333,304.3333333333333,2.066666666666667,9.733333333333333,0.9333333333333333,0.6,1.5333333333333334,7.066666666666666,63.53333333333333,0.0,3.6,0.13333333333333333,13.733333333333333,31.314444444444447,17.733333333333334,4.4,12.6,0.4,0.7333333333333333,17.2,28.866666666666667,178.73333333333332,28.466666666666665,122.6,301.3333333333333,3.0,16.466666666666665,0.8,1.5333333333333334,2.3333333333333335,7.466666666666667,60.266666666666666,0.0,3.533333333333333,0.6666666666666666,13.866666666666667,29.331111111111113,17.133333333333333,17.266666666666666,3,30,1
2005-11-20,Jaguars,Titans,16.466666666666665,5.2,14.0,0.26666666666666666,0.6,16.4,29.266666666666666,185.06666666666666,30.266666666666666,123.53333333333333,308.6,2.0,9.733333333333333,0.8666666666666667,0.5333333333333333,1.4,7.2,64.86666666666666,0.0,3.6,0.26666666666666666,13.733333333333333,31.51111111111111,17.333333333333332,4.4,12.666666666666666,0.3333333333333333,0.7333333333333333,17.266666666666666,29.066666666666666,173.26666666666668,27.8,119.26666666666667,292.53333333333336,3.066666666666667,17.466666666666665,0.8,1.6,2.4,7.8,62.733333333333334,0.0,3.4,0.6666666666666666,13.533333333333333,29.134444444444444,16.133333333333333,18.266666666666666,31,28,0
2005-11-27,Jaguars,Cardinals,16.733333333333334,5.4,14.133333333333333,0.26666666666666666,0.5333333333333333,16.6,29.533333333333335,186.46666666666667,30.466666666666665,116.53333333333333,303.0,2.0,9.866666666666667,0.8,0.5333333333333333,1.3333333333333333,7.0,62.86666666666667,0.0,3.466666666666667,0.26666666666666666,13.733333333333333,31.552222222222223,16.8,4.333333333333333,12.866666666666667,0.3333333333333333,0.7333333333333333,17.333333333333332,29.266666666666666,171.46666666666667,27.2,116.0,287.46666666666664,3.0,17.466666666666665,0.7333333333333333,1.6,2.3333333333333335,8.266666666666667,65.26666666666667,0.0,3.2666666666666666,0.6666666666666666,13.466666666666667,29.093333333333337,17.133333333333333,18.333333333333332,24,17,0
2005-12-04,Jaguars,Browns,16.666666666666668,5.533333333333333,14.2,0.26666666666666666,0.6,16.466666666666665,29.6,178.06666666666666,30.4,120.66666666666667,298.73333333333335,1.8666666666666667,9.266666666666667,0.8,0.5333333333333333,1.3333333333333333,7.533333333333333,66.6,0.0,3.1333333333333333,0.3333333333333333,13.733333333333333,31.35666666666667,17.333333333333332,4.2,12.933333333333334,0.3333333333333333,0.8,18.333333333333332,31.2,178.46666666666667,26.6,112.46666666666667,290.93333333333334,3.0,16.733333333333334,0.8,1.6666666666666667,2.466666666666667,8.266666666666667,66.8,0.0,3.4,0.6666666666666666,13.4,29.28888888888889,17.6,18.4,20,14,0
2005-12-11,Jaguars,Colts,16.333333333333332,5.6,14.066666666666666,0.26666666666666666,0.6,15.533333333333333,27.933333333333334,169.6,31.066666666666666,122.8,292.4,1.9333333333333333,9.333333333333334,0.8,0.5333333333333333,1.3333333333333333,7.333333333333333,64.93333333333334,0.0,3.066666666666667,0.3333333333333333,13.466666666666667,30.956666666666663,17.666666666666668,4.333333333333333,12.933333333333334,0.3333333333333333,0.8,18.066666666666666,30.333333333333332,180.2,27.8,116.93333333333334,297.1333333333333,3.0,15.933333333333334,0.7333333333333333,1.6,2.3333333333333335,7.866666666666666,66.33333333333333,0.0,3.2,0.6666666666666666,12.933333333333334,29.688888888888886,18.733333333333334,17.866666666666667,26,18,0
2005-12-18,Jaguars,49ers,16.266666666666666,5.6,14.066666666666666,0.26666666666666666,0.6,16.666666666666668,28.933333333333334,178.6,30.2,114.6,293.2,1.8666666666666667,8.933333333333334,0.8666666666666667,0.5333333333333333,1.4,7.333333333333333,63.6,0.0,3.1333333333333333,0.3333333333333333,13.066666666666666,30.645555555555557,17.6,4.333333333333333,13.133333333333333,0.4,0.9333333333333333,17.666666666666668,29.866666666666667,176.86666666666667,28.666666666666668,117.26666666666667,294.1333333333333,3.066666666666667,16.4,0.6,1.4,2.0,7.4,62.733333333333334,0.0,2.8,0.5333333333333333,12.666666666666666,30.0,18.6,17.4,9,10,1
2005-12-24,Jaguars,Texans,17.266666666666666,5.933333333333334,14.533333333333333,0.26666666666666666,0.6666666666666666,17.4,30.2,190.0,31.2,117.2,307.2,1.8,8.333333333333334,0.7333333333333333,0.4666666666666667,1.2,7.666666666666667,66.2,0.0,3.1333333333333333,0.3333333333333333,13.0,31.621111111111112,17.066666666666666,3.933333333333333,13.0,0.4,1.0,17.333333333333332,30.2,176.4,27.4,110.0,286.4,2.933333333333333,16.333333333333332,0.6,1.3333333333333333,1.9333333333333333,7.533333333333333,63.13333333333333,0.0,2.6,0.4,12.8,29.024444444444445,17.8,18.066666666666666,38,20,0
2006-01-01,Jaguars,Titans,18.4,5.733333333333333,14.066666666666666,0.26666666666666666,0.6666666666666666,17.6,30.4,198.46666666666667,31.133333333333333,122.46666666666667,320.93333333333334,1.9333333333333333,9.4,0.6666666666666666,0.4,1.0666666666666667,7.6,63.733333333333334,0.0,3.066666666666667,0.3333333333333333,12.733333333333333,31.715555555555554,17.2,4.066666666666666,12.733333333333333,0.26666666666666666,0.7333333333333333,17.6,29.533333333333335,185.0,27.466666666666665,107.33333333333333,292.3333333333333,3.066666666666667,17.933333333333334,0.5333333333333333,1.2,1.7333333333333334,7.466666666666667,61.0,0.0,2.2666666666666666,0.4,12.466666666666667,28.93,19.466666666666665,19.0,13,40,1
2006-09-10,Jaguars,Cowboys,18.866666666666667,5.933333333333334,14.133333333333333,0.26666666666666666,0.6666666666666666,17.666666666666668,30.333333333333332,196.46666666666667,31.4,122.66666666666667,319.1333333333333,1.9333333333333333,9.8,0.7333333333333333,0.4,1.1333333333333333,7.666666666666667,65.0,0.0,3.1333333333333333,0.3333333333333333,12.733333333333333,31.715555555555557,16.866666666666667,4.266666666666667,13.066666666666666,0.26666666666666666,0.9333333333333333,17.6,29.733333333333334,181.4,27.666666666666668,107.46666666666667,288.8666666666667,2.933333333333333,17.066666666666666,0.4,1.1333333333333333,1.5333333333333334,8.333333333333334,68.4,0.0,2.3333333333333335,0.4,12.6,28.93,19.4,19.933333333333334,17,24,1
2006-09-18,Jaguars,Steelers,19.533333333333335,5.866666666666666,14.0,0.26666666666666666,0.6666666666666666,18.133333333333333,30.666666666666668,200.06666666666666,31.933333333333334,119.33333333333333,319.4,1.6,8.8,0.7333333333333333,0.4666666666666667,1.2,7.333333333333333,63.733333333333334,0.2,3.4,0.3333333333333333,12.866666666666667,31.906666666666663,16.6,4.2,13.0,0.3333333333333333,1.0,17.8,30.066666666666666,188.93333333333334,26.6,103.6,292.53333333333336,3.066666666666667,17.8,0.4,1.2666666666666666,1.6666666666666667,8.533333333333333,71.6,0.0,2.3333333333333335,0.4,12.733333333333333,28.738888888888887,20.333333333333332,20.866666666666667,0,9,1
2006-09-24,Jaguars,Colts,19.6,5.6,13.866666666666667,0.2,0.6666666666666666,18.8,31.666666666666668,205.6,30.8,117.4,323.0,1.5333333333333334,8.8,0.6,0.4666666666666667,1.0666666666666667,7.4,63.8,0.2,3.4,0.3333333333333333,12.533333333333333,31.7,16.4,4.2,13.066666666666666,0.3333333333333333,1.0666666666666667,18.2,30.733333333333334,192.13333333333333,25.866666666666667,99.4,291.53333333333336,2.933333333333333,17.666666666666668,0.3333333333333333,1.2666666666666666,1.6,8.333333333333334,70.33333333333333,0.0,2.1333333333333333,0.26666666666666666,12.666666666666666,28.54,18.6,20.133333333333333,14,21,1
2006-10-01,Jaguars,Commanders,20.066666666666666,6.0,14.333333333333334,0.26666666666666666,0.7333333333333333,18.533333333333335,31.266666666666666,197.4,32.733333333333334,129.33333333333334,326.73333333333335,1.4666666666666666,8.133333333333333,0.4666666666666667,0.4666666666666667,0.9333333333333333,6.666666666666667,58.4,0.3333333333333333,3.6,0.3333333333333333,12.6,32.86555555555555,15.733333333333333,4.266666666666667,12.933333333333334,0.2,0.9333333333333333,17.866666666666667,31.066666666666666,198.2,24.266666666666666,91.06666666666666,289.26666666666665,2.8666666666666667,17.133333333333333,0.3333333333333333,1.2666666666666666,1.6,8.266666666666667,70.66666666666667,0.06666666666666667,1.9333333333333333,0.3333333333333333,12.6,27.374444444444446,18.2,21.066666666666666,30,36,1
2006-10-08,Jaguars,Jets,19.6,6.0,14.466666666666667,0.4,0.8666666666666667,19.2,31.933333333333334,205.0,31.333333333333332,119.4,324.4,1.7333333333333334,9.133333333333333,0.4666666666666667,0.5333333333333333,1.0,6.266666666666667,54.2,0.3333333333333333,3.533333333333333,0.3333333333333333,12.666666666666666,32.59,15.866666666666667,4.466666666666667,13.0,0.2,0.8666666666666667,17.6,30.866666666666667,204.66666666666666,25.2,92.4,297.06666666666666,2.7333333333333334,16.666666666666668,0.3333333333333333,1.3333333333333333,1.6666666666666667,7.733333333333333,67.06666666666666,0.2,1.9333333333333333,0.3333333333333333,12.733333333333333,27.771111111111107,18.866666666666667,21.933333333333334,0,41,1
2006-10-22,Jaguars,Texans,19.733333333333334,5.933333333333334,14.066666666666666,0.4,0.8,18.533333333333335,30.933333333333334,203.53333333333333,31.6,125.26666666666667,328.8,1.6,8.133333333333333,0.4666666666666667,0.4666666666666667,0.9333333333333333,6.2,51.266666666666666,0.6666666666666666,3.6666666666666665,0.2,12.6,32.315555555555555,15.533333333333333,4.6,13.133333333333333,0.2,1.0,17.533333333333335,30.2,198.0,25.466666666666665,96.33333333333333,294.3333333333333,3.0,17.8,0.3333333333333333,1.3333333333333333,1.6666666666666667,7.666666666666667,65.66666666666667,0.2,1.8666666666666667,0.26666666666666666,12.4,27.805555555555554,17.333333333333332,23.533333333333335,7,27,1
2006-10-29,Jaguars,Eagles,19.6,5.733333333333333,13.933333333333334,0.3333333333333333,0.7333333333333333,18.266666666666666,30.733333333333334,197.66666666666666,31.4,117.33333333333333,315.0,1.5333333333333334,8.133333333333333,0.5333333333333333,0.4,0.9333333333333333,6.4,51.93333333333333,0.7333333333333333,3.6,0.2,12.533333333333333,31.991111111111106,15.933333333333334,4.666666666666667,13.266666666666667,0.2,1.0,18.333333333333332,31.066666666666666,200.13333333333333,25.533333333333335,91.73333333333333,291.8666666666667,2.933333333333333,17.266666666666666,0.3333333333333333,1.1333333333333333,1.4666666666666666,7.266666666666667,62.86666666666667,0.26666666666666666,2.066666666666667,0.2,12.333333333333334,28.13,16.4,23.733333333333334,13,6,0
2006-11-05,Jaguars,Titans,19.466666666666665,5.6,14.066666666666666,0.4666666666666667,0.9333333333333333,17.666666666666668,30.2,188.46666666666667,32.666666666666664,124.73333333333333,313.2,1.4666666666666666,8.6,0.6,0.4,1.0,6.333333333333333,51.86666666666667,0.8,3.6,0.2,12.533333333333333,32.51,15.733333333333333,4.666666666666667,13.4,0.13333333333333333,0.9333333333333333,18.066666666666666,31.333333333333332,196.86666666666667,25.333333333333332,91.53333333333333,288.4,2.8,16.666666666666668,0.26666666666666666,1.1333333333333333,1.4,7.533333333333333,64.2,0.26666666666666666,2.1333333333333333,0.2,12.333333333333334,27.611111111111107,16.333333333333332,22.733333333333334,7,37,1
2006-11-12,Jaguars,Texans,19.266666666666666,5.6,14.0,0.4666666666666667,0.8666666666666667,17.4,29.666666666666668,186.06666666666666,32.333333333333336,127.4,313.46666666666664,1.5333333333333334,8.733333333333333,0.6,0.4,1.0,6.266666666666667,50.4,0.9333333333333333,3.533333333333333,0.2,12.266666666666667,32.223333333333336,16.133333333333333,4.733333333333333,13.666666666666666,0.2,1.0,17.8,31.533333333333335,199.8,26.333333333333332,95.2,295.0,2.6,15.133333333333333,0.26666666666666666,1.1333333333333333,1.4,7.2,59.8,0.26666666666666666,2.066666666666667,0.2,12.533333333333333,27.897777777777776,16.6,23.2,13,10,0
2006-11-20,Jaguars,Giants,18.866666666666667,5.266666666666667,13.533333333333333,0.4666666666666667,0.8666666666666667,16.933333333333334,29.4,183.26666666666668,31.6,132.0,315.26666666666665,1.5333333333333334,8.6,0.5333333333333333,0.6666666666666666,1.2,6.666666666666667,53.733333333333334,1.0,3.2666666666666666,0.2,12.066666666666666,31.59333333333333,16.466666666666665,4.933333333333334,14.066666666666666,0.26666666666666666,1.0666666666666667,17.6,31.866666666666667,197.6,27.733333333333334,100.86666666666666,298.46666666666664,2.6,15.2,0.26666666666666666,1.0666666666666667,1.3333333333333333,6.866666666666666,58.333333333333336,0.3333333333333333,2.2666666666666666,0.06666666666666667,12.466666666666667,28.527777777777775,15.4,22.0,10,26,1
2006-11-26,Jaguars,Bills,19.0,5.333333333333333,13.733333333333333,0.4666666666666667,0.8,17.266666666666666,29.666666666666668,191.0,32.266666666666666,132.2,323.2,1.5333333333333334,8.6,0.6,0.6666666666666666,1.2666666666666666,6.533333333333333,52.666666666666664,1.1333333333333333,3.4,0.13333333333333333,12.133333333333333,32.16888888888889,15.8,5.0,14.2,0.26666666666666666,1.0666666666666667,16.933333333333334,31.533333333333335,192.33333333333334,27.6,98.06666666666666,290.4,2.466666666666667,14.8,0.26666666666666666,1.1333333333333333,1.4,6.466666666666667,53.666666666666664,0.3333333333333333,2.1333333333333333,0.06666666666666667,12.466666666666667,27.952222222222222,14.466666666666667,22.6,24,27,1
2006-12-03,Jaguars,Dolphins,19.133333333333333,5.066666666666666,13.6,0.6,0.9333333333333333,17.6,29.8,191.06666666666666,32.06666666666667,137.86666666666667,328.93333333333334,1.6666666666666667,9.6,0.6666666666666666,0.6,1.2666666666666666,6.866666666666666,56.53333333333333,1.3333333333333333,3.4,0.13333333333333333,12.066666666666666,32.33222222222222,15.666666666666666,4.933333333333334,14.066666666666666,0.26666666666666666,1.0,17.466666666666665,32.06666666666667,189.93333333333334,27.0,96.33333333333333,286.26666666666665,2.1333333333333333,13.4,0.26666666666666666,1.2,1.4666666666666666,6.266666666666667,50.86666666666667,0.4,2.066666666666667,0.13333333333333333,12.6,27.788888888888888,14.733333333333333,23.466666666666665,24,10,0
2006-12-10,Jaguars,Colts,19.133333333333333,5.333333333333333,13.666666666666666,0.5333333333333333,0.8666666666666667,16.933333333333334,28.933333333333334,187.93333333333334,32.6,142.93333333333334,330.8666666666667,1.9333333333333333,11.333333333333334,0.5333333333333333,0.6,1.1333333333333333,6.866666666666666,55.93333333333333,1.4666666666666666,3.2666666666666666,0.13333333333333333,11.866666666666667,32.65888888888889,15.333333333333334,5.0,14.066666666666666,0.2,0.9333333333333333,17.666666666666668,32.4,186.0,26.0,94.26666666666667,280.26666666666665,2.2,13.533333333333333,0.26666666666666666,1.3333333333333333,1.6,6.0,48.4,0.4666666666666667,2.066666666666667,0.13333333333333333,12.333333333333334,27.46222222222222,14.6,22.933333333333334,17,44,1
2006-12-17,Jaguars,Titans,19.266666666666666,5.066666666666666,13.133333333333333,0.5333333333333333,0.8666666666666667,16.066666666666666,27.2,179.26666666666668,33.06666666666667,159.0,338.26666666666665,1.8666666666666667,10.866666666666667,0.5333333333333333,0.6666666666666666,1.2,6.4,52.4,1.6,3.3333333333333335,0.2,11.866666666666667,32.38888888888889,16.133333333333333,5.4,14.266666666666667,0.2,1.0,18.8,34.13333333333333,199.2,25.666666666666668,89.2,288.4,2.2,13.0,0.26666666666666666,1.3333333333333333,1.6,5.933333333333334,49.4,0.6,2.066666666666667,0.13333333333333333,12.2,27.732222222222223,15.133333333333333,25.2,17,24,1
2006-12-24,Jaguars,Patriots,18.8,5.4,13.666666666666666,0.4666666666666667,0.9333333333333333,16.333333333333332,27.6,174.4,33.6,160.4,334.8,1.9333333333333333,11.8,0.6,0.8666666666666667,1.4666666666666666,6.133333333333334,50.733333333333334,1.7333333333333334,3.3333333333333335,0.2,11.933333333333334,33.193333333333335,15.266666666666667,4.933333333333334,13.933333333333334,0.2,1.0666666666666667,18.066666666666666,33.2,185.46666666666667,24.8,84.8,270.26666666666665,2.1333333333333333,12.733333333333333,0.26666666666666666,1.2666666666666666,1.5333333333333334,5.733333333333333,49.4,0.6,2.066666666666667,0.5333333333333333,12.266666666666667,26.92777777777778,13.733333333333333,25.466666666666665,24,21,0
2006-12-31,Jaguars,Chiefs,17.933333333333334,5.266666666666667,13.533333333333333,0.4666666666666667,0.9333333333333333,16.2,27.066666666666666,173.2,32.733333333333334,161.86666666666667,335.06666666666666,1.8,10.4,0.6,0.8666666666666667,1.4666666666666666,6.133333333333334,51.4,1.8,3.1333333333333333,0.2,11.8,32.43333333333333,15.733333333333333,5.066666666666666,14.066666666666666,0.2,0.8666666666666667,18.533333333333335,33.2,190.2,25.333333333333332,86.0,276.2,2.1333333333333333,12.666666666666666,0.2,1.2,1.4,5.0,43.46666666666667,0.7333333333333333,2.066666666666667,0.5333333333333333,12.133333333333333,27.68777777777778,14.466666666666667,24.2,30,35,1
2007-09-09,Jaguars,Titans,18.066666666666666,5.333333333333333,13.6,0.4666666666666667,0.9333333333333333,16.2,27.466666666666665,176.86666666666667,32.06666666666667,164.2,341.06666666666666,1.9333333333333333,11.333333333333334,0.6,0.8666666666666667,1.4666666666666666,6.333333333333333,51.0,1.8,3.066666666666667,0.2,11.8,32.111111111111114,16.333333333333332,5.133333333333334,14.133333333333333,0.2,0.8666666666666667,18.533333333333335,32.666666666666664,189.53333333333333,26.533333333333335,91.46666666666667,281.0,2.2,12.6,0.26666666666666666,1.1333333333333333,1.4,4.733333333333333,39.4,0.9333333333333333,2.1333333333333333,0.6,12.133333333333333,28.009999999999998,15.333333333333334,24.933333333333334,13,10,0
2007-09-16,Jaguars,Falcons,17.8,5.266666666666667,13.2,0.4666666666666667,0.9333333333333333,15.6,26.866666666666667,173.2,31.2,161.86666666666667,335.06666666666666,2.066666666666667,11.266666666666667,0.6666666666666666,0.8,1.4666666666666666,5.933333333333334,48.266666666666666,1.8,3.0,0.2,11.6,31.155555555555555,17.2,5.333333333333333,14.066666666666666,0.2,0.8666666666666667,18.133333333333333,31.733333333333334,185.6,28.866666666666667,108.53333333333333,294.1333333333333,2.2,12.333333333333334,0.3333333333333333,1.0666666666666667,1.4,4.8,39.666666666666664,1.0,2.4,0.6,12.066666666666666,28.965555555555557,16.2,25.0,7,13,1
2007-09-23,Jaguars,Broncos,17.6,5.0,13.066666666666666,0.4666666666666667,1.0666666666666667,15.666666666666666,26.666666666666668,182.86666666666667,30.8,156.66666666666666,339.53333333333336,2.2666666666666666,12.6,0.6666666666666666,0.6666666666666666,1.3333333333333333,6.4,51.8,1.7333333333333334,3.0,0.2,11.466666666666667,30.81222222222222,17.133333333333333,5.4,14.133333333333333,0.2,0.8666666666666667,18.0,31.0,182.73333333333332,29.2,109.8,292.53333333333336,2.533333333333333,13.933333333333334,0.3333333333333333,1.0666666666666667,1.4,4.866666666666666,40.266666666666666,1.0,2.466666666666667,0.5333333333333333,11.933333333333334,29.308888888888887,15.733333333333333,24.466666666666665,23,14,0
2007-10-07,Jaguars,Chiefs,18.2,5.4,13.266666666666667,0.4,1.0,15.266666666666667,25.733333333333334,173.86666666666667,32.86666666666667,166.93333333333334,340.8,2.2,12.533333333333333,0.7333333333333333,0.6,1.3333333333333333,6.333333333333333,50.4,1.8666666666666667,3.3333333333333335,0.2,11.266666666666667,31.706666666666667,16.4,5.2,13.733333333333333,0.2,1.0,17.866666666666667,30.533333333333335,175.33333333333334,27.733333333333334,102.8,278.1333333333333,2.6,14.2,0.4,1.0666666666666667,1.4666666666666666,5.0,40.0,1.0,2.466666666666667,0.5333333333333333,11.6,28.293333333333337,15.266666666666667,23.0,17,7,0
2007-10-14,Jaguars,Texans,18.266666666666666,5.533333333333333,13.4,0.4,1.0666666666666667,16.0,26.2,178.53333333333333,32.6,165.26666666666668,343.8,2.4,13.066666666666666,0.7333333333333333,0.6,1.3333333333333333,6.066666666666666,48.266666666666666,1.6,3.1333333333333333,0.2,11.066666666666666,32.01888888888889,16.6,5.266666666666667,13.733333333333333,0.3333333333333333,1.0,18.866666666666667,32.2,189.73333333333332,26.133333333333333,94.66666666666667,284.4,2.4,13.666666666666666,0.3333333333333333,0.9333333333333333,1.2666666666666666,4.8,37.733333333333334,1.0666666666666667,2.533333333333333,0.5333333333333333,11.533333333333333,27.981111111111108,16.4,20.733333333333334,17,37,1
2007-10-22,Jaguars,Colts,19.0,5.666666666666667,13.266666666666667,0.5333333333333333,1.0666666666666667,16.533333333333335,26.6,184.86666666666667,32.666666666666664,174.73333333333332,359.6,2.4,13.133333333333333,0.8,0.6,1.4,5.8,47.8,1.7333333333333334,3.4,0.3333333333333333,10.933333333333334,32.20777777777778,16.733333333333334,5.066666666666666,13.466666666666667,0.4666666666666667,1.1333333333333333,19.2,32.8,197.13333333333333,25.466666666666665,90.0,287.1333333333333,2.466666666666667,14.066666666666666,0.4666666666666667,1.0,1.4666666666666666,5.133333333333334,40.46666666666667,1.0666666666666667,2.533333333333333,0.5333333333333333,11.333333333333334,27.79222222222222,17.066666666666666,21.4,29,7,0
2007-10-28,Jaguars,Buccaneers,19.133333333333333,5.733333333333333,13.2,0.5333333333333333,1.2666666666666666,17.0,27.866666666666667,187.06666666666666,31.4,168.6,355.6666666666667,2.533333333333333,13.666666666666666,0.8,0.7333333333333333,1.5333333333333334,5.6,46.2,1.7333333333333334,3.3333333333333335,0.3333333333333333,10.8,31.47666666666667,17.4,5.266666666666667,13.466666666666667,0.5333333333333333,1.1333333333333333,19.533333333333335,33.0,203.86666666666667,26.333333333333332,93.73333333333333,297.6,2.3333333333333335,13.866666666666667,0.4666666666666667,1.0666666666666667,1.5333333333333334,4.866666666666666,38.93333333333333,1.2,2.6666666666666665,0.5333333333333333,11.333333333333334,28.523333333333333,18.133333333333333,21.466666666666665,24,23,0
2007-11-04,Jaguars,Saints,18.8,5.666666666666667,13.4,0.6666666666666666,1.4666666666666666,16.666666666666668,27.466666666666665,181.53333333333333,32.333333333333336,165.93333333333334,347.46666666666664,2.533333333333333,14.066666666666666,0.8,0.7333333333333333,1.5333333333333334,5.666666666666667,47.86666666666667,1.7333333333333334,3.2666666666666666,0.3333333333333333,11.0,31.603333333333335,17.666666666666668,5.2,13.2,0.4666666666666667,1.0666666666666667,19.8,33.333333333333336,210.2,25.6,95.6,305.8,2.4,14.466666666666667,0.4666666666666667,1.0666666666666667,1.5333333333333334,5.066666666666666,42.53333333333333,1.2666666666666666,2.8666666666666667,0.5333333333333333,11.333333333333334,28.39666666666667,19.266666666666666,20.533333333333335,24,41,1
2007-11-11,Jaguars,Titans,18.933333333333334,5.733333333333333,13.6,0.6666666666666666,1.5333333333333334,17.0,27.4,190.86666666666667,32.6,163.93333333333334,354.8,2.533333333333333,14.066666666666666,0.8,0.6666666666666666,1.4666666666666666,5.333333333333333,46.06666666666667,1.7333333333333334,3.4,0.4,11.2,31.84666666666667,18.4,4.933333333333334,12.6,0.4,1.0,21.0,34.266666666666666,228.66666666666666,24.466666666666665,92.6,321.26666666666665,2.2666666666666666,13.933333333333334,0.5333333333333333,1.0666666666666667,1.6,4.8,40.46666666666667,1.4666666666666666,2.8,0.6666666666666666,11.466666666666667,28.153333333333332,20.0,22.6,28,13,0
2007-11-18,Jaguars,Chargers,18.8,5.533333333333333,13.466666666666667,0.8666666666666667,1.8666666666666667,16.6,26.8,180.66666666666666,32.666666666666664,164.0,344.6666666666667,2.6,14.4,0.8,0.6666666666666666,1.4666666666666666,5.0,44.06666666666667,1.8666666666666667,3.3333333333333335,0.4,11.133333333333333,31.451111111111114,18.666666666666668,4.933333333333334,12.733333333333333,0.4666666666666667,1.1333333333333333,21.333333333333332,34.266666666666666,229.2,24.8,95.06666666666666,324.26666666666665,2.466666666666667,15.2,0.5333333333333333,1.0666666666666667,1.6,5.066666666666666,41.86666666666667,1.4666666666666666,2.8666666666666667,0.6666666666666666,11.533333333333333,28.54888888888889,21.2,21.733333333333334,17,24,1
2007-11-25,Jaguars,Bills,18.733333333333334,5.8,13.666666666666666,0.8666666666666667,1.8666666666666667,16.533333333333335,26.933333333333334,185.53333333333333,32.8,158.33333333333334,343.8666666666667,2.4,13.333333333333334,0.7333333333333333,0.6666666666666666,1.4,4.666666666666667,39.666666666666664,1.8,3.2,0.4,11.133333333333333,31.503333333333334,19.0,5.0,12.866666666666667,0.5333333333333333,1.2666666666666666,21.4,35.06666666666667,238.53333333333333,24.6,95.53333333333333,334.06666666666666,2.466666666666667,15.2,0.5333333333333333,1.1333333333333333,1.6666666666666667,5.066666666666666,40.266666666666666,1.4666666666666666,2.8666666666666667,0.6,11.333333333333334,28.49666666666667,20.733333333333334,21.533333333333335,14,36,1
2007-12-02,Jaguars,Colts,18.933333333333334,5.933333333333334,13.933333333333334,0.8666666666666667,1.9333333333333333,17.0,27.933333333333334,191.46666666666667,32.46666666666667,156.6,348.06666666666666,2.2,11.866666666666667,0.7333333333333333,0.6666666666666666,1.4,4.266666666666667,36.266666666666666,1.7333333333333334,3.3333333333333335,0.4,11.266666666666667,31.391111111111112,19.0,5.133333333333334,13.0,0.6,1.3333333333333333,21.4,34.93333333333333,236.0,24.933333333333334,97.26666666666667,333.26666666666665,2.2666666666666666,14.0,0.6,1.1333333333333333,1.7333333333333334,5.333333333333333,41.53333333333333,1.4666666666666666,2.7333333333333334,0.6,11.333333333333334,28.60888888888889,20.066666666666666,23.266666666666666,25,28,1
2007-12-09,Jaguars,Panthers,19.2,6.2,14.0,0.9333333333333333,1.9333333333333333,18.066666666666666,28.933333333333334,202.86666666666667,31.733333333333334,142.8,345.6666666666667,2.3333333333333335,12.333333333333334,0.8,0.6666666666666666,1.4666666666666666,4.6,38.46666666666667,1.8,3.4,0.3333333333333333,10.866666666666667,31.666666666666668,18.733333333333334,5.333333333333333,12.8,0.6,1.2,21.066666666666666,33.53333333333333,234.26666666666668,25.266666666666666,99.2,333.46666666666664,2.2,14.066666666666666,0.6,1.1333333333333333,1.7333333333333334,5.0,37.8,1.5333333333333334,2.8666666666666667,0.6,11.0,28.333333333333332,20.6,22.2,6,37,1
2007-12-16,Jaguars,Steelers,19.266666666666666,6.133333333333334,13.866666666666667,1.0,1.9333333333333333,18.0,28.933333333333334,205.93333333333334,31.533333333333335,141.8,347.73333333333335,2.066666666666667,10.333333333333334,0.8,0.4666666666666667,1.2666666666666666,4.866666666666666,39.46666666666667,1.7333333333333334,3.3333333333333335,0.4666666666666667,10.866666666666667,31.30666666666667,19.066666666666666,5.466666666666667,13.066666666666666,0.6666666666666666,1.3333333333333333,21.6,35.06666666666667,237.06666666666666,25.2,99.8,336.8666666666667,2.066666666666667,12.6,0.6666666666666666,1.2,1.8666666666666667,5.066666666666666,38.46666666666667,1.5333333333333334,2.8666666666666667,0.2,10.933333333333334,28.69333333333333,19.866666666666667,23.066666666666666,29,22,0
2007-12-23,Jaguars,Raiders,20.133333333333333,6.133333333333334,14.0,1.2,2.1333333333333333,18.0,29.6,206.06666666666666,32.86666666666667,147.13333333333333,353.2,2.0,10.333333333333334,0.7333333333333333,0.5333333333333333,1.2666666666666666,4.466666666666667,36.13333333333333,1.9333333333333333,3.6,0.4666666666666667,10.933333333333334,32.29777777777778,18.466666666666665,5.266666666666667,12.866666666666667,0.6666666666666666,1.4,20.733333333333334,34.6,227.73333333333332,24.4,99.66666666666667,327.4,2.3333333333333335,14.8,0.6666666666666666,1.2,1.8666666666666667,4.866666666666666,37.333333333333336,1.6,2.933333333333333,0.2,11.0,27.702222222222225,20.2,23.133333333333333,11,49,1
2007-12-30,Jaguars,Texans,20.266666666666666,6.2,13.8,1.2,2.1333333333333333,17.533333333333335,28.666666666666668,202.86666666666667,33.266666666666666,153.0,355.8666666666667,1.9333333333333333,10.0,0.8,0.5333333333333333,1.3333333333333333,4.533333333333333,36.6,2.066666666666667,3.7333333333333334,0.4666666666666667,10.933333333333334,32.153333333333336,17.8,5.0,12.8,0.6666666666666666,1.4666666666666666,20.533333333333335,35.0,219.73333333333332,23.733333333333334,95.66666666666667,315.4,2.4,15.733333333333333,0.6666666666666666,1.2666666666666666,1.9333333333333333,5.266666666666667,41.06666666666667,1.4666666666666666,2.8,0.13333333333333333,11.0,27.84666666666667,18.933333333333334,24.066666666666666,28,42,1
2008-09-07,Jaguars,Titans,21.0,6.333333333333333,13.8,1.2666666666666666,2.1333333333333333,18.066666666666666,29.266666666666666,208.73333333333332,33.666666666666664,154.4,363.1333333333333,1.8666666666666667,10.666666666666666,0.8,0.5333333333333333,1.3333333333333333,4.8,36.6,2.2666666666666666,3.8,0.4666666666666667,10.933333333333334,32.733333333333334,17.6,4.933333333333334,12.6,0.7333333333333333,1.4666666666666666,20.533333333333335,35.0,223.2,22.733333333333334,88.2,311.4,2.3333333333333335,15.6,0.6,1.2666666666666666,1.8666666666666667,5.2,40.46666666666667,1.6666666666666667,2.8,0.26666666666666666,10.933333333333334,27.266666666666666,19.933333333333334,26.2,10,17,1
2008-09-14,Jaguars,Bills,20.733333333333334,6.333333333333333,13.8,1.2666666666666666,2.0,18.466666666666665,29.933333333333334,202.4,32.53333333333333,149.06666666666666,351.46666666666664,2.066666666666667,13.2,0.8666666666666667,0.6666666666666666,1.5333333333333334,4.466666666666667,33.86666666666667,2.2666666666666666,3.8666666666666667,0.4666666666666667,11.266666666666667,32.53888888888889,17.666666666666668,4.666666666666667,12.533333333333333,0.7333333333333333,1.5333333333333334,20.666666666666668,35.266666666666666,223.6,23.2,91.86666666666666,315.46666666666664,1.9333333333333333,13.533333333333333,0.6,1.4,2.0,5.2,39.93333333333333,1.7333333333333334,2.8,0.26666666666666666,11.2,27.461111111111112,20.133333333333333,26.466666666666665,20,16,0
2008-09-21,Jaguars,Colts,20.6,5.933333333333334,13.466666666666667,1.3333333333333333,2.066666666666667,18.666666666666668,30.466666666666665,202.73333333333332,31.2,143.2,345.93333333333334,2.0,13.6,0.7333333333333333,0.7333333333333333,1.4666666666666666,4.6,34.93333333333333,2.2,3.6666666666666665,0.4666666666666667,11.266666666666667,31.876666666666665,18.133333333333333,4.8,12.733333333333333,0.7333333333333333,1.4,20.933333333333334,35.4,223.06666666666666,23.733333333333334,93.73333333333333,316.8,2.066666666666667,15.2,0.5333333333333333,1.3333333333333333,1.8666666666666667,5.066666666666666,40.2,1.7333333333333334,2.8666666666666667,0.26666666666666666,11.2,28.123333333333335,19.933333333333334,26.6,23,21,0
2008-09-28,Jaguars,Texans,20.933333333333334,5.933333333333334,13.4,1.3333333333333333,2.066666666666667,18.4,30.133333333333333,200.46666666666667,32.06666666666667,148.53333333333333,349.0,1.7333333333333334,12.466666666666667,0.7333333333333333,0.8,1.5333333333333334,4.6,35.86666666666667,2.2,3.8,0.6,11.266666666666667,32.20111111111111,18.466666666666665,4.866666666666666,12.4,0.6666666666666666,1.3333333333333333,20.266666666666666,34.46666666666667,219.73333333333332,24.333333333333332,100.66666666666667,320.4,1.9333333333333333,14.333333333333334,0.5333333333333333,1.4,1.9333333333333333,5.266666666666667,41.0,1.8666666666666667,2.933333333333333,0.26666666666666666,11.0,27.79888888888889,20.333333333333332,27.533333333333335,27,30,1
2008-10-05,Jaguars,Steelers,20.666666666666668,6.0,13.533333333333333,1.3333333333333333,2.066666666666667,18.466666666666665,30.0,202.0,32.0,141.53333333333333,343.53333333333336,1.7333333333333334,11.933333333333334,0.5333333333333333,0.8,1.3333333333333333,4.533333333333333,35.8,2.1333333333333333,3.6666666666666665,0.4666666666666667,11.133333333333333,32.32888888888889,18.466666666666665,5.333333333333333,12.6,0.5333333333333333,1.2,20.2,34.266666666666666,218.26666666666668,24.266666666666666,101.86666666666666,320.1333333333333,1.8,13.533333333333333,0.4,1.3333333333333333,1.7333333333333334,4.866666666666666,38.13333333333333,1.9333333333333333,2.8,0.26666666666666666,10.933333333333334,27.91,21.0,27.066666666666666,26,21,0
2008-10-12,Jaguars,Broncos,20.4,5.866666666666666,13.533333333333333,1.3333333333333333,1.9333333333333333,18.533333333333335,29.733333333333334,206.4,31.466666666666665,136.26666666666668,342.6666666666667,1.7333333333333334,12.333333333333334,0.4666666666666667,0.6666666666666666,1.1333333333333333,4.933333333333334,40.4,2.1333333333333333,3.6,0.6,11.266666666666667,32.37777777777777,18.733333333333334,5.333333333333333,12.666666666666666,0.4666666666666667,1.1333333333333333,20.4,34.53333333333333,221.13333333333333,23.8,101.06666666666666,322.2,1.8666666666666667,14.0,0.4,1.3333333333333333,1.7333333333333334,5.266666666666667,44.93333333333333,1.9333333333333333,2.7333333333333334,0.26666666666666666,10.933333333333334,27.86111111111111,20.8,28.0,24,17,0
2008-10-26,Jaguars,Browns,21.333333333333332,5.933333333333334,13.266666666666667,1.2,1.7333333333333334,19.733333333333334,30.933333333333334,218.06666666666666,30.8,137.73333333333332,355.8,1.7333333333333334,12.4,0.6,0.6666666666666666,1.2666666666666666,5.0,40.4,2.066666666666667,3.6,0.4666666666666667,11.066666666666666,32.47777777777778,18.8,5.466666666666667,12.6,0.4666666666666667,1.1333333333333333,20.533333333333335,34.266666666666666,217.33333333333334,23.933333333333334,100.73333333333333,318.06666666666666,1.7333333333333334,12.8,0.5333333333333333,1.2,1.7333333333333334,5.066666666666666,43.46666666666667,2.0,2.7333333333333334,0.26666666666666666,10.666666666666666,27.76111111111111,20.8,27.6,23,17,0
2008-11-02,Jaguars,Bengals,21.666666666666668,6.266666666666667,13.733333333333333,1.3333333333333333,1.8666666666666667,20.066666666666666,31.533333333333335,212.93333333333334,31.2,139.4,352.3333333333333,1.8,12.8,0.6666666666666666,0.4666666666666667,1.1333333333333333,5.133333333333334,40.53333333333333,2.1333333333333333,3.533333333333333,0.4,10.866666666666667,33.07666666666667,17.666666666666668,5.4,12.733333333333333,0.5333333333333333,1.2,19.133333333333333,32.8,204.06666666666666,23.866666666666667,99.93333333333334,304.0,1.7333333333333334,12.8,0.4666666666666667,1.2,1.6666666666666667,5.0,43.13333333333333,1.8666666666666667,2.6666666666666665,0.13333333333333333,10.4,27.162222222222223,20.733333333333334,26.0,19,21,1
2008-11-09,Jaguars,Lions,21.6,6.2,13.533333333333333,1.1333333333333333,1.5333333333333334,20.733333333333334,32.53333333333333,220.8,29.666666666666668,132.86666666666667,353.6666666666667,1.9333333333333333,13.466666666666667,0.6,0.5333333333333333,1.1333333333333333,5.666666666666667,43.93333333333333,1.9333333333333333,3.4,0.5333333333333333,10.866666666666667,32.763333333333335,17.866666666666667,5.533333333333333,12.6,0.4666666666666667,1.0,18.933333333333334,32.13333333333333,198.93333333333334,24.533333333333335,106.4,305.3333333333333,1.6,11.6,0.4666666666666667,1.1333333333333333,1.6,4.733333333333333,42.0,2.066666666666667,2.7333333333333334,0.13333333333333333,10.266666666666667,27.475555555555555,20.133333333333333,26.533333333333335,38,14,0
2008-11-16,Jaguars,Titans,22.0,6.2,13.266666666666667,1.0666666666666667,1.4666666666666666,20.933333333333334,32.733333333333334,223.33333333333334,29.4,135.2,358.53333333333336,2.0,14.2,0.6,0.5333333333333333,1.1333333333333333,5.666666666666667,43.333333333333336,2.1333333333333333,3.6666666666666665,0.5333333333333333,10.733333333333333,32.632222222222225,17.533333333333335,5.533333333333333,12.666666666666666,0.4666666666666667,1.0,18.2,30.666666666666668,188.53333333333333,25.0,108.0,296.53333333333336,2.066666666666667,14.6,0.4666666666666667,1.0666666666666667,1.5333333333333334,4.866666666666666,43.0,2.1333333333333333,2.8666666666666667,0.13333333333333333,10.266666666666667,27.606666666666666,21.533333333333335,25.866666666666667,24,14,0
2008-11-23,Jaguars,Vikings,21.733333333333334,5.8,13.2,1.0666666666666667,1.4666666666666666,20.266666666666666,32.266666666666666,211.66666666666666,29.8,136.26666666666668,347.93333333333334,2.2,15.133333333333333,0.5333333333333333,0.6,1.1333333333333333,6.2,47.06666666666667,2.2,3.466666666666667,0.5333333333333333,10.933333333333334,32.845555555555556,17.066666666666666,5.0,12.4,0.4,0.8666666666666667,17.266666666666666,29.533333333333335,190.33333333333334,25.6,109.33333333333333,299.6666666666667,2.066666666666667,14.066666666666666,0.4,1.0,1.4,5.2,45.266666666666666,2.1333333333333333,2.933333333333333,0.13333333333333333,10.6,27.39333333333333,22.2,24.4,30,12,0
2008-12-01,Jaguars,Texans,21.066666666666666,5.8,13.466666666666667,1.0,1.4666666666666666,20.466666666666665,33.333333333333336,214.53333333333333,28.666666666666668,127.4,341.93333333333334,2.2666666666666666,16.266666666666666,0.6666666666666666,0.6666666666666666,1.3333333333333333,6.2,48.2,2.066666666666667,3.4,0.5333333333333333,11.133333333333333,32.43,16.8,4.6,12.4,0.4666666666666667,1.0,16.733333333333334,28.933333333333334,178.66666666666666,26.2,113.26666666666667,291.93333333333334,2.2,14.533333333333333,0.4,1.0,1.4,5.4,47.53333333333333,2.066666666666667,2.933333333333333,0.26666666666666666,10.933333333333334,27.808888888888887,22.533333333333335,23.333333333333332,17,30,1
2008-12-07,Jaguars,Bears,20.866666666666667,5.466666666666667,13.066666666666666,1.0,1.4666666666666666,20.733333333333334,33.2,215.4,27.866666666666667,123.93333333333334,339.3333333333333,2.466666666666667,17.933333333333334,0.7333333333333333,0.7333333333333333,1.4666666666666666,6.333333333333333,49.53333333333333,2.1333333333333333,3.4,0.4,11.133333333333333,32.035555555555554,17.333333333333332,4.533333333333333,12.133333333333333,0.4,0.8666666666666667,16.6,28.066666666666666,185.4,26.933333333333334,118.33333333333333,303.73333333333335,2.1333333333333333,14.133333333333333,0.3333333333333333,1.0,1.3333333333333333,5.4,46.2,2.066666666666667,3.066666666666667,0.26666666666666666,11.0,28.203333333333333,23.266666666666666,22.866666666666667,10,23,1
2008-12-14,Jaguars,Packers,20.133333333333333,5.466666666666667,13.266666666666667,0.8666666666666667,1.4666666666666666,20.866666666666667,33.53333333333333,212.86666666666667,26.933333333333334,116.93333333333334,329.8,2.6666666666666665,19.2,0.7333333333333333,0.7333333333333333,1.4666666666666666,6.533333333333333,50.266666666666666,1.9333333333333333,3.1333333333333333,0.4,11.2,31.662222222222223,17.533333333333335,4.533333333333333,12.266666666666667,0.4666666666666667,0.8666666666666667,16.933333333333334,28.2,192.6,27.466666666666665,116.4,309.0,1.8666666666666667,12.066666666666666,0.3333333333333333,1.0666666666666667,1.4,5.2,44.266666666666666,1.9333333333333333,3.1333333333333333,0.26666666666666666,11.066666666666666,28.576666666666664,22.0,22.933333333333334,16,20,1
2008-12-18,Jaguars,Colts,19.6,5.4,13.333333333333334,0.9333333333333333,1.5333333333333334,21.2,34.0,212.4,26.333333333333332,109.8,322.2,2.6666666666666665,18.666666666666668,0.6666666666666666,0.6666666666666666,1.3333333333333333,6.533333333333333,51.333333333333336,1.7333333333333334,2.8666666666666667,0.4,10.933333333333334,31.712222222222223,17.866666666666667,5.0,12.333333333333334,0.4,0.8,17.4,28.266666666666666,202.53333333333333,27.333333333333332,114.66666666666667,317.2,1.8,12.066666666666666,0.26666666666666666,0.9333333333333333,1.2,4.666666666666667,40.4,1.9333333333333333,3.2666666666666666,0.26666666666666666,10.8,28.526666666666664,22.333333333333332,21.0,31,24,0
2008-12-28,Jaguars,Ravens,19.866666666666667,5.4,13.4,0.9333333333333333,1.5333333333333334,21.4,34.13333333333333,213.66666666666666,26.6,110.4,324.06666666666666,2.7333333333333334,19.2,0.6,0.7333333333333333,1.3333333333333333,6.466666666666667,52.333333333333336,1.6666666666666667,2.8666666666666667,0.4,11.0,31.718888888888888,17.933333333333334,5.066666666666666,12.4,0.3333333333333333,0.7333333333333333,18.6,29.333333333333332,218.8,26.266666666666666,105.46666666666667,324.26666666666665,1.7333333333333334,11.533333333333333,0.26666666666666666,0.8666666666666667,1.1333333333333333,4.866666666666666,42.4,1.8,3.2,0.26666666666666666,10.666666666666666,28.52,22.533333333333335,19.8,7,27,1
2009-09-13,Jaguars,Colts,19.933333333333334,5.466666666666667,13.266666666666667,0.8666666666666667,1.5333333333333334,20.8,33.46666666666667,211.73333333333332,27.266666666666666,116.06666666666666,327.8,2.3333333333333335,15.266666666666667,0.6666666666666666,0.7333333333333333,1.4,6.533333333333333,50.86666666666667,1.6,2.7333333333333334,0.4,10.8,31.494444444444447,18.333333333333332,5.266666666666667,12.466666666666667,0.3333333333333333,0.6666666666666666,18.866666666666667,29.4,227.6,26.4,104.8,332.4,1.8666666666666667,12.533333333333333,0.26666666666666666,0.7333333333333333,1.0,5.0,43.666666666666664,1.8666666666666667,3.4,0.26666666666666666,10.533333333333333,28.744444444444444,22.333333333333332,20.466666666666665,12,14,1
2009-09-20,Jaguars,Cardinals,19.466666666666665,5.733333333333333,13.533333333333333,0.8,1.5333333333333334,20.6,33.46666666666667,209.66666666666666,27.2,117.13333333333334,326.8,2.2666666666666666,14.466666666666667,0.6666666666666666,0.6666666666666666,1.3333333333333333,6.4,50.46666666666667,1.6,2.6666666666666665,0.4,10.8,31.314444444444447,18.533333333333335,5.4,12.666666666666666,0.3333333333333333,0.8,19.4,30.266666666666666,233.2,26.733333333333334,104.53333333333333,337.73333333333335,1.7333333333333334,11.066666666666666,0.26666666666666666,0.8,1.0666666666666667,4.933333333333334,42.13333333333333,1.8,3.2666666666666666,0.26666666666666666,10.666666666666666,28.92444444444444,21.8,20.333333333333332,31,17,0
2009-09-27,Jaguars,Texans,19.0,5.6,13.666666666666666,0.8666666666666667,1.6,21.066666666666666,34.86666666666667,216.86666666666667,25.333333333333332,107.53333333333333,324.4,2.533333333333333,14.933333333333334,0.8,0.6666666666666666,1.4666666666666666,6.6,50.86666666666667,1.6,2.533333333333333,0.26666666666666666,10.866666666666667,30.452222222222222,18.733333333333334,5.2,12.666666666666666,0.3333333333333333,0.8,20.2,30.466666666666665,236.8,27.333333333333332,104.8,341.6,1.6666666666666667,10.733333333333333,0.4,0.6666666666666666,1.0666666666666667,5.0,43.53333333333333,1.7333333333333334,3.2,0.3333333333333333,10.866666666666667,29.78666666666667,22.333333333333332,20.066666666666666,31,24,0
2009-10-04,Jaguars,Titans,19.2,5.533333333333333,13.6,0.8,1.5333333333333334,20.733333333333334,34.733333333333334,215.4,25.8,110.6,326.0,2.466666666666667,14.933333333333334,0.8666666666666667,0.6666666666666666,1.5333333333333334,6.8,51.733333333333334,1.6666666666666667,2.533333333333333,0.26666666666666666,11.066666666666666,30.426666666666666,18.733333333333334,4.866666666666666,12.466666666666667,0.4,0.8666666666666667,20.0,30.133333333333333,235.4,27.266666666666666,106.93333333333334,342.3333333333333,1.8,11.666666666666666,0.4666666666666667,0.7333333333333333,1.2,5.2,46.53333333333333,1.8,3.3333333333333335,0.3333333333333333,10.933333333333334,29.573333333333334,22.6,19.666666666666668,17,37,1
2009-10-11,Jaguars,Seahawks,20.066666666666666,5.733333333333333,13.6,0.6666666666666666,1.2666666666666666,21.333333333333332,35.06666666666667,224.06666666666666,26.533333333333335,117.2,341.26666666666665,2.4,14.466666666666667,0.9333333333333333,0.6666666666666666,1.6,6.533333333333333,47.8,1.8,2.8666666666666667,0.13333333333333333,11.2,30.92666666666667,18.133333333333333,4.933333333333334,12.533333333333333,0.4666666666666667,1.0,20.2,30.6,235.26666666666668,26.8,104.66666666666667,339.93333333333334,1.6,10.133333333333333,0.5333333333333333,0.8,1.3333333333333333,4.933333333333334,42.46666666666667,1.8,3.3333333333333335,0.3333333333333333,11.0,29.07333333333333,22.0,20.733333333333334,0,41,1
2009-10-18,Jaguars,Rams,19.0,5.533333333333333,13.666666666666666,0.7333333333333333,1.4,20.933333333333334,34.93333333333333,217.4,25.266666666666666,109.4,326.8,2.6,15.4,0.9333333333333333,0.6666666666666666,1.6,6.733333333333333,49.666666666666664,1.7333333333333334,2.8666666666666667,0.13333333333333333,11.133333333333333,30.37222222222222,18.466666666666665,4.933333333333334,12.6,0.5333333333333333,1.0,20.0,30.133333333333333,238.2,27.933333333333334,105.46666666666667,343.6666666666667,1.6666666666666667,10.466666666666667,0.4,0.7333333333333333,1.1333333333333333,4.733333333333333,39.666666666666664,1.8,3.4,0.4666666666666667,11.066666666666666,29.62777777777778,20.4,22.333333333333332,20,23,1
2009-11-01,Jaguars,Titans,19.666666666666668,5.533333333333333,13.4,0.6,1.2,21.266666666666666,35.0,221.33333333333334,25.866666666666667,112.93333333333334,334.26666666666665,2.6,14.933333333333334,0.9333333333333333,0.8,1.7333333333333334,6.533333333333333,48.0,1.8,3.1333333333333333,0.13333333333333333,11.333333333333334,30.846666666666668,18.333333333333332,5.0,12.6,0.4666666666666667,0.9333333333333333,20.533333333333335,30.6,236.26666666666668,27.533333333333335,103.06666666666666,339.3333333333333,1.6666666666666667,10.2,0.4,0.8,1.2,5.066666666666666,42.13333333333333,1.7333333333333334,3.2666666666666666,0.6,11.066666666666666,29.62,20.2,22.733333333333334,13,30,1
2009-11-08,Jaguars,Chiefs,19.266666666666666,5.466666666666667,13.333333333333334,0.6,1.2,20.666666666666668,34.4,214.6,25.533333333333335,122.86666666666666,337.46666666666664,2.6666666666666665,15.666666666666666,0.9333333333333333,0.8666666666666667,1.8,5.866666666666666,44.06666666666667,1.8,3.066666666666667,0.0,11.2,30.220000000000002,18.333333333333332,5.133333333333334,12.733333333333333,0.4666666666666667,0.9333333333333333,20.133333333333333,29.733333333333334,234.4,28.866666666666667,112.8,347.2,1.5333333333333334,9.6,0.3333333333333333,0.7333333333333333,1.0666666666666667,5.0,40.86666666666667,1.6,3.2,0.6,11.066666666666666,30.246666666666666,19.8,23.333333333333332,21,24,1
2009-11-15,Jaguars,Jets,19.066666666666666,5.733333333333333,13.733333333333333,0.5333333333333333,1.1333333333333333,20.666666666666668,34.4,216.33333333333334,26.066666666666666,123.93333333333334,340.26666666666665,2.6666666666666665,15.666666666666666,1.0,0.8666666666666667,1.8666666666666667,5.866666666666666,43.93333333333333,1.5333333333333334,2.8,0.0,11.333333333333334,30.568888888888885,18.4,5.133333333333334,12.733333333333333,0.4,0.8,20.933333333333334,31.133333333333333,240.26666666666668,28.0,109.93333333333334,350.2,1.2666666666666666,8.0,0.3333333333333333,0.6666666666666666,1.0,4.666666666666667,38.46666666666667,1.5333333333333334,3.066666666666667,0.6,11.2,29.89777777777778,18.666666666666668,24.0,24,22,0
2009-11-22,Jaguars,Bills,19.133333333333333,6.0,13.6,0.6,1.1333333333333333,20.866666666666667,34.13333333333333,222.4,26.066666666666666,123.86666666666666,346.26666666666665,2.533333333333333,15.333333333333334,1.0666666666666667,0.8,1.8666666666666667,5.6,42.53333333333333,1.4666666666666666,2.8666666666666667,0.0,11.2,30.48,18.8,5.533333333333333,12.8,0.4666666666666667,0.8666666666666667,21.133333333333333,31.666666666666668,239.06666666666666,27.733333333333334,109.66666666666667,348.73333333333335,1.2,8.0,0.4,0.7333333333333333,1.1333333333333333,4.266666666666667,36.0,1.6,3.2666666666666666,0.6,10.866666666666667,29.986666666666668,18.666666666666668,24.533333333333335,15,18,1
2009-11-29,Jaguars,49ers,19.266666666666666,6.2,13.666666666666666,0.6,1.0666666666666667,20.466666666666665,33.13333333333333,217.2,27.4,128.33333333333334,345.53333333333336,2.4,13.733333333333333,0.9333333333333333,0.7333333333333333,1.6666666666666667,5.466666666666667,40.46666666666667,1.5333333333333334,2.8666666666666667,0.0,11.2,30.93888888888889,18.733333333333334,5.466666666666667,12.666666666666666,0.4,0.8,21.533333333333335,32.4,251.46666666666667,26.666666666666668,105.06666666666666,356.53333333333336,1.1333333333333333,7.4,0.4666666666666667,0.8,1.2666666666666666,4.333333333333333,35.6,1.5333333333333334,3.2666666666666666,0.4666666666666667,10.8,29.52777777777778,17.666666666666668,24.933333333333334,3,20,1
2009-12-06,Jaguars,Texans,19.066666666666666,6.133333333333334,13.733333333333333,0.6,1.1333333333333333,20.466666666666665,33.2,217.13333333333333,26.933333333333334,126.33333333333333,343.46666666666664,2.6,15.133333333333333,0.9333333333333333,0.6666666666666666,1.6,5.333333333333333,40.46666666666667,1.4,2.8666666666666667,0.0,11.133333333333333,30.686666666666667,18.533333333333335,5.933333333333334,13.2,0.4666666666666667,0.8,22.4,33.46666666666667,253.6,26.266666666666666,100.13333333333334,353.73333333333335,1.1333333333333333,7.4,0.4666666666666667,0.7333333333333333,1.2,4.066666666666666,33.93333333333333,1.6666666666666667,3.2666666666666666,0.4666666666666667,10.666666666666666,29.779999999999998,16.733333333333334,24.266666666666666,18,23,1
2009-12-13,Jaguars,Dolphins,19.4,6.333333333333333,13.666666666666666,0.6,1.0666666666666667,20.2,32.53333333333333,220.93333333333334,27.466666666666665,125.53333333333333,346.46666666666664,2.6666666666666665,15.333333333333334,1.0,0.6,1.6,5.333333333333333,42.06666666666667,1.4,3.0,0.0,11.066666666666666,30.55777777777778,18.733333333333334,5.933333333333334,13.2,0.4666666666666667,0.8,22.533333333333335,33.666666666666664,255.13333333333333,26.0,99.2,354.3333333333333,1.2,7.266666666666667,0.4666666666666667,0.8666666666666667,1.3333333333333333,4.4,36.06666666666667,1.7333333333333334,3.2666666666666666,0.4666666666666667,10.466666666666667,29.90888888888889,17.266666666666666,24.266666666666666,14,10,0
2009-12-17,Jaguars,Colts,18.866666666666667,6.133333333333334,13.8,0.6,1.2,19.533333333333335,32.06666666666667,213.8,27.866666666666667,125.6,339.4,2.7333333333333334,15.866666666666667,1.0,0.6,1.6,5.066666666666666,38.86666666666667,1.3333333333333333,3.0,0.0,11.266666666666667,30.354444444444443,19.0,5.8,13.133333333333333,0.5333333333333333,0.8,22.6,33.46666666666667,252.06666666666666,26.8,103.33333333333333,355.4,1.1333333333333333,6.466666666666667,0.6,0.8666666666666667,1.4666666666666666,4.466666666666667,35.86666666666667,1.8,3.2,0.4666666666666667,10.666666666666666,30.112222222222222,17.133333333333333,23.6,35,31,0
2009-12-27,Jaguars,Patriots,18.666666666666668,6.333333333333333,14.0,0.6,1.2,19.2,32.0,207.26666666666668,28.333333333333332,127.86666666666666,335.1333333333333,2.6666666666666665,15.333333333333334,1.0,0.6,1.6,4.866666666666666,36.333333333333336,1.4666666666666666,3.066666666666667,0.0,11.4,30.59111111111111,18.866666666666667,5.933333333333334,13.266666666666667,0.5333333333333333,0.8,22.2,33.2,248.33333333333334,27.133333333333333,105.26666666666667,353.6,1.1333333333333333,6.466666666666667,0.6,0.9333333333333333,1.5333333333333334,4.4,35.2,1.8,3.1333333333333333,0.4,11.0,29.875555555555554,17.4,24.066666666666666,7,35,1
2010-01-03,Jaguars,Browns,18.8,6.2,13.933333333333334,0.6666666666666666,1.2666666666666666,19.533333333333335,32.0,210.6,28.2,126.53333333333333,337.1333333333333,2.7333333333333334,15.866666666666667,0.8666666666666667,0.6,1.4666666666666666,4.466666666666667,34.8,1.5333333333333334,3.066666666666667,0.0,11.333333333333334,30.56555555555555,19.266666666666666,5.933333333333334,13.0,0.6666666666666666,1.0,22.533333333333335,33.266666666666666,245.86666666666667,27.266666666666666,109.93333333333334,355.8,0.9333333333333333,5.266666666666667,0.6666666666666666,0.9333333333333333,1.6,4.066666666666666,32.2,1.8666666666666667,3.2,0.4,10.8,29.901111111111113,17.4,24.6,17,23,1
2010-09-12,Jaguars,Broncos,19.2,6.4,14.066666666666666,0.7333333333333333,1.2666666666666666,20.066666666666666,32.733333333333334,216.13333333333333,28.066666666666666,127.66666666666667,343.8,2.8666666666666667,15.666666666666666,0.8666666666666667,0.6666666666666666,1.5333333333333334,4.466666666666667,34.53333333333333,1.6,3.066666666666667,0.0,11.4,30.63,19.066666666666666,5.733333333333333,13.0,0.8,1.0,21.133333333333333,31.466666666666665,232.0,28.466666666666665,119.46666666666667,351.46666666666664,0.8666666666666667,4.8,0.6,0.9333333333333333,1.5333333333333334,4.066666666666666,32.06666666666667,1.9333333333333333,3.4,0.4,10.666666666666666,29.836666666666666,17.733333333333334,25.2,17,24,1
2010-09-19,Jaguars,Chargers,19.2,6.2,13.666666666666666,0.7333333333333333,1.2666666666666666,19.6,31.266666666666666,208.8,29.0,130.46666666666667,339.26666666666665,2.6666666666666665,15.533333333333333,0.7333333333333333,0.6,1.3333333333333333,4.266666666666667,34.333333333333336,1.6,3.0,0.0,11.4,30.686666666666667,19.0,5.8,13.066666666666666,0.8,1.0666666666666667,20.733333333333334,31.533333333333335,232.6,28.266666666666666,117.53333333333333,350.1333333333333,1.0666666666666667,6.2,0.5333333333333333,1.0,1.5333333333333334,4.066666666666666,32.86666666666667,1.9333333333333333,3.533333333333333,0.3333333333333333,10.6,29.779999999999998,16.8,25.666666666666668,13,38,1
2010-09-26,Jaguars,Eagles,18.933333333333334,6.266666666666667,13.733333333333333,0.7333333333333333,1.4,20.133333333333333,32.06666666666667,213.13333333333333,28.466666666666665,122.86666666666666,336.0,2.8,16.466666666666665,0.8,0.8666666666666667,1.6666666666666667,4.266666666666667,33.86666666666667,1.4666666666666666,2.933333333333333,0.0,11.466666666666667,30.655555555555555,19.133333333333333,5.8,12.933333333333334,0.7333333333333333,1.0,20.466666666666665,31.133333333333333,235.26666666666668,28.8,120.2,355.46666666666664,1.0,5.8,0.5333333333333333,1.0666666666666667,1.6,4.0,30.533333333333335,2.0,3.533333333333333,0.3333333333333333,10.733333333333333,29.811111111111114,15.6,26.6,28,3,0
2010-10-03,Jaguars,Colts,18.2,6.2,14.0,0.8,1.5333333333333334,19.2,31.6,196.26666666666668,28.6,123.0,319.26666666666665,3.1333333333333333,18.8,0.7333333333333333,0.9333333333333333,1.6666666666666667,4.266666666666667,36.333333333333336,1.2666666666666666,2.6,0.0,11.466666666666667,30.57333333333333,18.866666666666667,5.6,12.733333333333333,0.6666666666666666,0.9333333333333333,19.666666666666668,30.0,234.13333333333333,28.933333333333334,120.93333333333334,355.06666666666666,1.2,7.4,0.4666666666666667,0.9333333333333333,1.4,4.066666666666666,31.6,2.0,3.466666666666667,0.3333333333333333,10.733333333333333,29.893333333333334,16.333333333333332,24.333333333333332,28,31,1
2010-10-10,Jaguars,Bills,18.866666666666667,6.666666666666667,14.0,0.7333333333333333,1.4,19.066666666666666,30.933333333333334,196.4,29.933333333333334,132.06666666666666,328.46666666666664,2.8,16.866666666666667,0.6,0.9333333333333333,1.5333333333333334,4.133333333333334,34.46666666666667,1.4666666666666666,2.6666666666666665,0.0,11.4,30.873333333333335,19.133333333333333,5.666666666666667,12.466666666666667,0.6666666666666666,0.9333333333333333,20.666666666666668,31.066666666666666,241.6,27.533333333333335,115.26666666666667,356.8666666666667,1.2,7.333333333333333,0.5333333333333333,1.0,1.5333333333333334,4.2,33.266666666666666,2.1333333333333333,3.533333333333333,0.2,10.6,29.59333333333333,18.2,23.666666666666668,36,26,0
2010-10-18,Jaguars,Titans,18.066666666666666,6.2,13.666666666666666,0.7333333333333333,1.4666666666666666,18.133333333333333,29.4,185.66666666666666,30.066666666666666,135.4,321.06666666666666,2.7333333333333334,17.133333333333333,0.6666666666666666,0.8666666666666667,1.5333333333333334,4.266666666666667,36.0,1.4,2.466666666666667,0.0,11.266666666666667,30.35,19.4,5.6,12.4,0.6666666666666666,1.0666666666666667,20.533333333333335,30.8,240.86666666666667,27.733333333333334,118.93333333333334,359.8,1.3333333333333333,8.533333333333333,0.5333333333333333,0.9333333333333333,1.4666666666666666,4.133333333333334,32.13333333333333,2.2,3.6666666666666665,0.06666666666666667,10.666666666666666,29.65,19.266666666666666,23.866666666666667,30,3,0
2010-10-24,Jaguars,Chiefs,18.4,6.133333333333334,13.733333333333333,0.8666666666666667,1.7333333333333334,18.6,29.866666666666667,189.66666666666666,30.666666666666668,126.0,315.6666666666667,2.6,16.466666666666665,0.7333333333333333,0.9333333333333333,1.6666666666666667,4.6,37.86666666666667,1.3333333333333333,2.6,0.0,11.2,30.814444444444444,19.4,5.6,12.333333333333334,0.7333333333333333,1.1333333333333333,20.466666666666665,31.0,243.93333333333334,27.066666666666666,108.8,352.73333333333335,1.3333333333333333,8.533333333333333,0.5333333333333333,0.9333333333333333,1.4666666666666666,4.4,34.6,2.2,3.8,0.06666666666666667,10.533333333333333,29.185555555555556,20.4,22.066666666666666,20,42,1
2010-10-31,Jaguars,Cowboys,18.266666666666666,5.733333333333333,13.333333333333334,0.9333333333333333,1.8,18.6,30.333333333333332,187.2,29.466666666666665,120.06666666666666,307.26666666666665,2.6,16.133333333333333,0.7333333333333333,1.0666666666666667,1.8,4.666666666666667,38.666666666666664,1.4,2.7333333333333334,0.0,11.133333333333333,30.133333333333333,20.133333333333333,5.733333333333333,12.2,0.8,1.2666666666666666,19.8,29.6,240.53333333333333,28.933333333333334,120.53333333333333,361.06666666666666,1.2,7.333333333333333,0.5333333333333333,0.9333333333333333,1.4666666666666666,4.8,40.06666666666667,2.4,3.933333333333333,0.2,10.333333333333334,29.866666666666667,20.333333333333332,23.266666666666666,35,17,0
2010-11-14,Jaguars,Texans,18.4,5.666666666666667,13.266666666666667,0.8666666666666667,1.7333333333333334,18.666666666666668,30.0,189.2,29.6,120.73333333333333,309.93333333333334,2.6666666666666665,16.733333333333334,0.7333333333333333,1.0666666666666667,1.8,4.733333333333333,38.4,1.6,2.8666666666666667,0.0,11.133333333333333,30.23111111111111,20.533333333333335,5.666666666666667,12.2,0.8666666666666667,1.4,21.0,30.8,250.73333333333332,28.466666666666665,116.53333333333333,367.26666666666665,1.3333333333333333,8.266666666666667,0.4666666666666667,1.0666666666666667,1.5333333333333334,4.733333333333333,39.666666666666664,2.4,3.8666666666666667,0.2,10.466666666666667,29.76888888888889,21.066666666666666,22.933333333333334,24,31,1
2010-11-21,Jaguars,Browns,19.066666666666666,5.333333333333333,13.0,0.9333333333333333,1.8,18.866666666666667,30.066666666666666,197.06666666666666,29.733333333333334,124.93333333333334,322.0,2.6666666666666665,17.333333333333332,0.6666666666666666,1.0,1.6666666666666667,4.866666666666666,39.2,1.6,2.8,0.0,11.133333333333333,30.163333333333338,20.933333333333334,5.733333333333333,12.133333333333333,0.8666666666666667,1.3333333333333333,21.266666666666666,30.866666666666667,252.33333333333334,28.666666666666668,118.4,370.73333333333335,1.2,7.8,0.4666666666666667,0.9333333333333333,1.4,4.866666666666666,40.06666666666667,2.533333333333333,3.8666666666666667,0.2,10.333333333333334,29.836666666666662,21.666666666666668,23.8,20,24,1
2010-11-28,Jaguars,Giants,19.466666666666665,5.4,12.933333333333334,1.0,1.7333333333333334,18.533333333333335,30.0,194.73333333333332,30.333333333333332,128.2,322.93333333333334,2.533333333333333,16.133333333333333,0.6666666666666666,1.2666666666666666,1.9333333333333333,4.6,35.86666666666667,1.8,2.7333333333333334,0.0,11.266666666666667,30.31,20.933333333333334,5.666666666666667,12.133333333333333,0.8,1.2666666666666666,20.6,30.0,249.86666666666667,29.066666666666666,120.8,370.6666666666667,1.6,10.866666666666667,0.4666666666666667,1.0,1.4666666666666666,5.133333333333334,42.733333333333334,2.466666666666667,3.8666666666666667,0.3333333333333333,10.466666666666667,29.69,22.8,24.066666666666666,20,24,1
2010-12-05,Jaguars,Titans,19.933333333333334,5.533333333333333,12.933333333333334,0.9333333333333333,1.6,18.866666666666667,30.466666666666665,188.4,30.2,134.86666666666667,323.26666666666665,2.533333333333333,17.4,0.6666666666666666,1.3333333333333333,2.0,4.533333333333333,34.2,1.8666666666666667,2.7333333333333334,0.0,11.066666666666666,30.665555555555553,20.8,5.533333333333333,11.8,0.7333333333333333,1.2,20.066666666666666,29.133333333333333,249.4,29.333333333333332,125.0,374.4,1.4666666666666666,10.4,0.4666666666666667,0.8,1.2666666666666666,5.0,41.93333333333333,2.4,3.8666666666666667,0.3333333333333333,10.466666666666667,29.334444444444447,22.933333333333334,24.133333333333333,17,6,0
2010-12-12,Jaguars,Raiders,20.8,5.733333333333333,13.0,1.0,1.6,19.066666666666666,30.0,188.2,32.06666666666667,145.73333333333332,333.93333333333334,2.4,16.733333333333334,0.6666666666666666,1.3333333333333333,2.0,4.666666666666667,35.6,1.9333333333333333,2.8,0.0,10.933333333333334,31.665555555555557,20.066666666666666,5.133333333333334,11.533333333333333,0.7333333333333333,1.3333333333333333,19.6,29.333333333333332,246.4,27.6,119.06666666666666,365.46666666666664,1.4,10.0,0.3333333333333333,0.8666666666666667,1.2,5.0,42.13333333333333,2.2666666666666666,3.8666666666666667,0.3333333333333333,10.2,28.334444444444443,23.133333333333333,23.866666666666667,31,38,1
2010-12-19,Jaguars,Colts,20.4,5.4,12.733333333333333,0.9333333333333333,1.5333333333333334,18.266666666666666,28.8,184.53333333333333,32.06666666666667,152.06666666666666,336.6,2.4,16.133333333333333,0.6666666666666666,1.3333333333333333,2.0,4.8,37.6,1.8,2.7333333333333334,0.0,11.0,31.297777777777775,20.266666666666666,5.0,11.6,0.7333333333333333,1.4,19.533333333333335,29.533333333333335,247.4,27.733333333333334,125.2,372.6,1.6,11.4,0.4,0.8666666666666667,1.2666666666666666,4.933333333333334,41.13333333333333,2.2,3.8666666666666667,0.26666666666666666,10.2,28.702222222222225,22.866666666666667,24.333333333333332,24,34,1
2010-12-26,Jaguars,Commanders,20.666666666666668,5.466666666666667,12.866666666666667,1.0,1.6,18.6,29.666666666666668,192.0,31.866666666666667,150.0,342.0,2.3333333333333335,15.933333333333334,0.7333333333333333,1.2666666666666666,2.0,5.133333333333334,40.93333333333333,1.8666666666666667,2.8,0.06666666666666667,11.133333333333333,31.483333333333334,19.8,4.933333333333334,11.8,0.6,1.2,19.933333333333334,30.4,244.33333333333334,26.933333333333334,122.4,366.73333333333335,1.6666666666666667,11.933333333333334,0.3333333333333333,0.8666666666666667,1.2,5.2,45.0,2.0,3.6666666666666665,0.3333333333333333,10.4,28.516666666666666,24.0,24.266666666666666,20,17,0
2011-01-02,Jaguars,Texans,20.466666666666665,5.333333333333333,12.866666666666667,0.8666666666666667,1.4666666666666666,18.6,29.6,196.06666666666666,31.8,146.46666666666667,342.53333333333336,2.4,18.333333333333332,0.7333333333333333,1.3333333333333333,2.066666666666667,5.4,44.0,1.8,2.8,0.06666666666666667,11.4,31.874444444444446,19.6,4.866666666666666,11.866666666666667,0.5333333333333333,1.1333333333333333,20.733333333333334,32.266666666666666,250.06666666666666,25.266666666666666,113.4,363.46666666666664,1.7333333333333334,12.6,0.3333333333333333,0.8666666666666667,1.2,5.333333333333333,46.666666666666664,2.0,3.6,0.3333333333333333,10.733333333333333,28.311111111111114,24.2,23.866666666666667,17,34,1
2011-09-11,Jaguars,Titans,20.8,5.2,12.866666666666667,1.0,1.5333333333333334,18.333333333333332,29.866666666666667,193.33333333333334,31.866666666666667,150.73333333333332,344.06666666666666,2.466666666666667,19.066666666666666,0.8,1.4,2.2,5.2,41.86666666666667,1.8666666666666667,2.933333333333333,0.06666666666666667,11.333333333333334,31.96111111111111,19.666666666666668,5.0,11.933333333333334,0.4666666666666667,1.0666666666666667,20.533333333333335,31.533333333333335,248.66666666666666,26.066666666666666,123.73333333333333,372.4,1.5333333333333334,11.2,0.26666666666666666,0.8,1.0666666666666667,5.2,45.2,2.0,3.6,0.3333333333333333,10.866666666666667,28.224444444444444,24.2,24.533333333333335,14,16,1
2011-09-18,Jaguars,Jets,20.8,5.4,13.266666666666667,0.9333333333333333,1.3333333333333333,17.733333333333334,28.666666666666668,185.4,33.4,156.86666666666667,342.26666666666665,2.466666666666667,19.133333333333333,0.7333333333333333,1.1333333333333333,1.8666666666666667,5.2,42.266666666666666,1.8,2.8666666666666667,0.06666666666666667,11.266666666666667,32.57666666666667,18.866666666666667,5.0,12.133333333333333,0.4666666666666667,1.0666666666666667,20.466666666666665,31.866666666666667,243.53333333333333,24.933333333333334,116.53333333333333,360.06666666666666,1.6,11.6,0.2,0.7333333333333333,0.9333333333333333,5.4,47.53333333333333,1.8,3.3333333333333335,0.3333333333333333,10.8,27.608888888888888,24.266666666666666,23.066666666666666,3,32,1
2011-09-25,Jaguars,Panthers,20.466666666666665,5.266666666666667,12.933333333333334,0.8666666666666667,1.2666666666666666,17.6,28.333333333333332,188.0,33.06666666666667,155.06666666666666,343.06666666666666,2.1333333333333333,16.933333333333334,0.7333333333333333,1.3333333333333333,2.066666666666667,5.2,41.13333333333333,1.8,2.8,0.06666666666666667,11.333333333333334,32.15888888888889,18.866666666666667,4.866666666666666,12.066666666666666,0.4666666666666667,1.0,20.466666666666665,31.4,237.86666666666667,25.666666666666668,116.2,354.06666666666666,1.4666666666666666,10.0,0.2,0.8666666666666667,1.0666666666666667,5.4,45.93333333333333,1.8666666666666667,3.466666666666667,0.3333333333333333,10.866666666666667,28.026666666666664,22.6,25.0,10,16,1
2011-10-02,Jaguars,Saints,20.0,4.866666666666666,13.0,0.9333333333333333,1.4,17.266666666666666,28.266666666666666,185.73333333333332,33.0,152.0,337.73333333333335,2.2666666666666666,17.6,0.7333333333333333,1.4,2.1333333333333333,5.266666666666667,42.13333333333333,1.6,2.6,0.06666666666666667,11.6,32.20333333333333,18.066666666666666,4.8,12.466666666666667,0.4,0.9333333333333333,19.466666666666665,30.6,225.2,26.266666666666666,119.46666666666667,344.6666666666667,1.4,9.733333333333333,0.13333333333333333,0.8,0.9333333333333333,5.733333333333333,48.2,1.6666666666666667,3.4,0.3333333333333333,11.0,27.982222222222223,21.4,24.0,23,10,0
2011-10-09,Jaguars,Bengals,19.6,4.866666666666666,13.266666666666667,0.9333333333333333,1.6,17.266666666666666,29.733333333333334,186.06666666666666,31.466666666666665,144.53333333333333,330.6,2.3333333333333335,18.466666666666665,0.6,1.4,2.0,5.066666666666666,40.6,1.5333333333333334,2.533333333333333,0.06666666666666667,11.6,31.441111111111113,18.933333333333334,5.066666666666666,12.666666666666666,0.4666666666666667,0.8666666666666667,20.2,31.533333333333335,233.86666666666667,27.133333333333333,123.93333333333334,357.8,1.4,9.8,0.13333333333333333,0.9333333333333333,1.0666666666666667,5.8,49.2,1.6666666666666667,3.466666666666667,0.3333333333333333,11.066666666666666,28.744444444444444,20.533333333333335,22.933333333333334,30,20,0
2011-10-16,Jaguars,Steelers,19.266666666666666,5.066666666666666,13.466666666666667,0.8,1.3333333333333333,16.866666666666667,29.2,187.86666666666667,31.6,145.86666666666667,333.73333333333335,2.4,18.8,0.6666666666666666,1.2,1.8666666666666667,4.733333333333333,37.93333333333333,1.6,2.533333333333333,0.06666666666666667,11.866666666666667,31.454444444444444,18.466666666666665,5.066666666666666,13.0,0.5333333333333333,1.0,20.666666666666668,32.333333333333336,233.26666666666668,26.6,118.86666666666666,352.1333333333333,1.5333333333333334,10.933333333333334,0.13333333333333333,1.0,1.1333333333333333,5.533333333333333,47.6,1.8,3.4,0.4666666666666667,11.4,28.731111111111108,20.533333333333335,24.066666666666666,13,17,1
2011-10-24,Jaguars,Ravens,19.066666666666666,5.133333333333334,13.8,0.8,1.3333333333333333,16.466666666666665,28.666666666666668,178.53333333333333,32.06666666666667,149.13333333333333,327.6666666666667,2.6666666666666665,20.6,0.6,1.0666666666666667,1.6666666666666667,4.6,36.53333333333333,1.5333333333333334,2.3333333333333335,0.06666666666666667,11.933333333333334,31.64,17.8,5.133333333333334,13.266666666666667,0.4666666666666667,0.8666666666666667,20.6,32.666666666666664,232.93333333333334,25.933333333333334,115.46666666666667,348.4,1.6666666666666667,11.733333333333333,0.13333333333333333,1.0,1.1333333333333333,5.6,45.8,1.6,3.2666666666666666,0.3333333333333333,11.533333333333333,28.545555555555556,20.066666666666666,22.4,7,12,1
2011-10-30,Jaguars,Texans,18.6,4.866666666666666,14.066666666666666,0.8666666666666667,1.4,15.933333333333334,28.6,167.53333333333333,32.6,148.0,315.53333333333336,2.7333333333333334,20.466666666666665,0.6,1.0666666666666667,1.6666666666666667,4.6,40.13333333333333,1.2666666666666666,2.2,0.06666666666666667,12.066666666666666,31.884444444444444,16.866666666666667,4.866666666666666,13.2,0.3333333333333333,0.6666666666666666,19.733333333333334,31.933333333333334,216.06666666666666,25.266666666666666,114.4,330.46666666666664,1.7333333333333334,12.466666666666667,0.2,0.8,1.0,6.066666666666666,50.13333333333333,1.5333333333333334,3.066666666666667,0.3333333333333333,11.6,28.301111111111116,18.2,22.066666666666666,14,24,1
2011-11-13,Jaguars,Colts,17.533333333333335,4.933333333333334,14.266666666666667,0.8666666666666667,1.4,15.0,28.666666666666668,151.8,31.866666666666667,142.6,294.4,2.6666666666666665,19.866666666666667,0.6,1.2,1.8,4.4,38.6,1.2666666666666666,2.1333333333333333,0.06666666666666667,12.266666666666667,31.17111111111111,16.866666666666667,5.266666666666667,13.666666666666666,0.3333333333333333,0.6666666666666666,19.333333333333332,31.8,208.6,26.466666666666665,119.4,328.0,1.8666666666666667,14.0,0.26666666666666666,0.8,1.0666666666666667,6.0,50.86666666666667,1.5333333333333334,3.0,0.3333333333333333,11.8,29.014444444444447,17.533333333333335,21.6,17,3,0
2011-11-20,Jaguars,Browns,17.133333333333333,5.066666666666666,14.533333333333333,0.7333333333333333,1.2666666666666666,14.6,27.733333333333334,144.06666666666666,32.733333333333334,142.33333333333334,286.4,2.533333333333333,18.533333333333335,0.4666666666666667,1.0,1.4666666666666666,4.6,41.6,1.2,2.1333333333333333,0.06666666666666667,12.2,31.43,16.733333333333334,5.066666666666666,13.6,0.3333333333333333,0.7333333333333333,19.533333333333335,31.866666666666667,204.13333333333333,26.266666666666666,119.13333333333334,323.26666666666665,1.8,13.133333333333333,0.3333333333333333,0.8666666666666667,1.2,6.066666666666666,50.53333333333333,1.4666666666666666,2.933333333333333,0.2,11.8,28.755555555555553,17.333333333333332,20.2,10,14,1
2011-11-27,Jaguars,Texans,16.933333333333334,4.866666666666666,14.466666666666667,0.7333333333333333,1.2666666666666666,14.733333333333333,28.133333333333333,149.0,32.4,135.73333333333332,284.73333333333335,2.3333333333333335,16.8,0.4,0.9333333333333333,1.3333333333333333,5.0,45.666666666666664,1.1333333333333333,2.1333333333333333,0.06666666666666667,12.133333333333333,31.125555555555554,16.933333333333334,5.133333333333334,13.6,0.3333333333333333,0.7333333333333333,19.733333333333334,31.866666666666667,201.46666666666667,26.4,120.0,321.46666666666664,1.9333333333333333,14.0,0.3333333333333333,0.9333333333333333,1.2666666666666666,6.4,53.53333333333333,1.4666666666666666,2.933333333333333,0.2,11.666666666666666,29.06,16.666666666666668,19.533333333333335,20,13,0
2011-12-05,Jaguars,Chargers,16.333333333333332,4.8,14.733333333333333,0.6,1.1333333333333333,15.133333333333333,29.533333333333335,151.06666666666666,30.466666666666665,125.53333333333333,276.6,2.7333333333333334,19.533333333333335,0.4,1.0,1.4,5.0,45.6,1.0,2.066666666666667,0.2,12.4,30.575555555555557,16.8,5.133333333333334,13.866666666666667,0.26666666666666666,0.5333333333333333,20.0,31.6,199.06666666666666,27.533333333333335,122.06666666666666,321.1333333333333,1.8666666666666667,13.6,0.4,0.8,1.2,6.6,56.86666666666667,1.5333333333333334,2.933333333333333,0.2,12.266666666666667,29.610000000000003,16.866666666666667,20.0,38,14,0
2011-12-11,Jaguars,Buccaneers,16.2,5.066666666666666,15.0,0.6,1.2666666666666666,15.666666666666666,30.266666666666666,152.8,30.266666666666666,118.53333333333333,271.3333333333333,2.7333333333333334,20.2,0.4,1.0,1.4,4.8,43.86666666666667,1.0,2.0,0.2,12.266666666666667,30.695555555555554,16.666666666666668,5.0,13.666666666666666,0.26666666666666666,0.4666666666666667,20.0,31.266666666666666,197.13333333333333,27.6,121.13333333333334,318.26666666666665,1.6666666666666667,12.2,0.3333333333333333,0.7333333333333333,1.0666666666666667,6.733333333333333,58.86666666666667,1.5333333333333334,2.933333333333333,0.2,12.2,29.49,17.333333333333332,18.4,14,41,1
2011-12-15,Jaguars,Falcons,16.266666666666666,5.066666666666666,15.133333333333333,0.4666666666666667,1.0666666666666667,15.333333333333334,29.933333333333334,147.46666666666667,31.0,121.8,269.26666666666665,2.7333333333333334,20.4,0.3333333333333333,1.0666666666666667,1.4,4.933333333333334,45.53333333333333,1.1333333333333333,2.1333333333333333,0.3333333333333333,12.333333333333334,30.858888888888888,16.4,4.866666666666666,13.533333333333333,0.3333333333333333,0.6,19.2,30.8,193.73333333333332,27.6,118.13333333333334,311.8666666666667,1.8,12.6,0.6,0.9333333333333333,1.5333333333333334,7.133333333333334,60.8,1.6,2.8666666666666667,0.13333333333333333,12.333333333333334,29.326666666666664,16.666666666666668,18.866666666666667,14,41,1
2011-12-24,Jaguars,Titans,16.066666666666666,4.8,14.666666666666666,0.4666666666666667,1.0666666666666667,14.666666666666666,28.866666666666667,136.33333333333334,30.733333333333334,124.33333333333333,260.6666666666667,2.8,21.0,0.5333333333333333,1.0,1.5333333333333334,4.8,43.8,1.1333333333333333,2.066666666666667,0.4,12.066666666666666,30.09777777777778,16.733333333333334,5.0,13.533333333333333,0.26666666666666666,0.6,19.533333333333335,30.333333333333332,200.66666666666666,28.333333333333332,119.33333333333333,320.0,1.8,12.2,0.6,0.8666666666666667,1.4666666666666666,7.066666666666666,60.2,1.5333333333333334,2.933333333333333,0.26666666666666666,12.266666666666667,29.90222222222222,16.266666666666666,20.466666666666665,17,23,1
2012-01-01,Jaguars,Colts,15.733333333333333,5.066666666666666,15.2,0.4,1.0666666666666667,15.266666666666667,30.0,140.53333333333333,30.266666666666666,118.66666666666667,259.2,2.7333333333333334,20.666666666666668,0.4666666666666667,1.0,1.4666666666666666,5.066666666666666,44.666666666666664,1.1333333333333333,2.066666666666667,0.4,12.266666666666667,29.978888888888893,16.6,4.866666666666666,13.6,0.26666666666666666,0.5333333333333333,19.933333333333334,31.533333333333335,206.6,27.533333333333335,107.4,314.0,1.8666666666666667,12.733333333333333,0.6666666666666666,1.0,1.6666666666666667,6.733333333333333,57.0,1.4666666666666666,2.8,0.26666666666666666,12.4,30.02111111111111,16.266666666666666,19.733333333333334,13,19,1
2012-09-09,Jaguars,Vikings,15.4,4.8,14.866666666666667,0.4,1.1333333333333333,14.866666666666667,29.666666666666668,134.6,29.466666666666665,120.46666666666667,255.06666666666666,2.8,21.066666666666666,0.4666666666666667,1.0,1.4666666666666666,4.8,42.733333333333334,1.1333333333333333,2.2666666666666666,0.4,12.2,29.39,17.0,5.0,13.8,0.26666666666666666,0.6,20.333333333333332,31.933333333333334,206.13333333333333,28.133333333333333,108.26666666666667,314.4,1.9333333333333333,13.266666666666667,0.7333333333333333,1.0666666666666667,1.8,6.533333333333333,55.666666666666664,1.4666666666666666,2.8666666666666667,0.26666666666666666,12.333333333333334,30.61,16.2,19.933333333333334,23,26,1
2012-09-16,Jaguars,Texans,16.133333333333333,5.2,15.266666666666667,0.4666666666666667,1.2,15.666666666666666,30.6,144.66666666666666,29.933333333333334,120.53333333333333,265.2,2.8,20.933333333333334,0.5333333333333333,0.7333333333333333,1.2666666666666666,4.8,41.06666666666667,1.1333333333333333,2.2666666666666666,0.4,12.066666666666666,30.13666666666667,17.333333333333332,4.933333333333334,13.666666666666666,0.26666666666666666,0.6,20.533333333333335,32.13333333333333,211.73333333333332,27.933333333333334,109.73333333333333,321.46666666666664,2.0,13.533333333333333,0.8,0.9333333333333333,1.7333333333333334,6.4,54.8,1.2666666666666666,2.6,0.26666666666666666,12.266666666666667,30.19,17.533333333333335,19.533333333333335,27,7,0
2012-09-23,Jaguars,Colts,15.866666666666667,5.0,14.933333333333334,0.4,1.0666666666666667,15.466666666666667,30.6,139.53333333333333,28.6,116.33333333333333,255.86666666666667,2.8666666666666667,21.866666666666667,0.6,0.6666666666666666,1.2666666666666666,4.8,41.8,1.1333333333333333,2.2666666666666666,0.4,11.933333333333334,29.222222222222225,18.133333333333333,5.066666666666666,13.733333333333333,0.3333333333333333,0.6666666666666666,21.066666666666666,32.2,214.2,29.266666666666666,117.0,331.2,2.0,13.533333333333333,0.8,0.9333333333333333,1.7333333333333334,6.533333333333333,54.46666666666667,1.2,2.3333333333333335,0.26666666666666666,12.333333333333334,31.104444444444443,18.666666666666668,18.933333333333334,22,17,0
2012-09-30,Jaguars,Bengals,15.866666666666667,5.0,14.8,0.4,0.8,15.066666666666666,29.2,138.06666666666666,29.6,121.73333333333333,259.8,2.7333333333333334,20.6,0.6,0.6,1.2,5.066666666666666,45.266666666666666,1.0666666666666667,2.1333333333333333,0.4,12.0,29.534444444444446,17.666666666666668,5.266666666666667,14.066666666666666,0.26666666666666666,0.6,20.466666666666665,32.333333333333336,213.33333333333334,28.933333333333334,113.46666666666667,326.8,1.8,11.866666666666667,0.8,0.8666666666666667,1.6666666666666667,6.866666666666666,58.2,1.0666666666666667,2.0,0.26666666666666666,12.333333333333334,30.792222222222225,18.6,19.4,27,10,0
2012-10-07,Jaguars,Bears,16.2,4.733333333333333,14.466666666666667,0.4,0.8666666666666667,15.6,29.6,134.26666666666668,29.0,119.93333333333334,254.2,2.933333333333333,22.066666666666666,0.5333333333333333,0.6666666666666666,1.2,5.133333333333334,46.733333333333334,1.0,1.9333333333333333,0.4,11.8,29.61666666666667,18.133333333333333,4.866666666666666,13.533333333333333,0.2,0.4666666666666667,20.4,32.2,218.8,29.133333333333333,117.53333333333333,336.3333333333333,1.6666666666666667,10.733333333333333,0.8666666666666667,0.8666666666666667,1.7333333333333334,7.0,59.333333333333336,0.8666666666666667,1.8,0.13333333333333333,12.133333333333333,30.71,18.4,18.733333333333334,41,3,0
2012-10-21,Jaguars,Raiders,15.8,4.8,14.333333333333334,0.3333333333333333,0.8,15.933333333333334,30.066666666666666,137.8,28.133333333333333,115.06666666666666,252.86666666666667,2.8,20.733333333333334,0.6,0.8,1.4,5.266666666666667,48.53333333333333,0.9333333333333333,1.8666666666666667,0.4,11.866666666666667,29.297777777777778,18.866666666666667,5.066666666666666,13.666666666666666,0.26666666666666666,0.5333333333333333,21.133333333333333,33.266666666666666,225.6,29.2,119.46666666666667,345.06666666666666,1.5333333333333334,10.066666666666666,0.8666666666666667,0.9333333333333333,1.8,7.266666666666667,60.333333333333336,0.8,1.6666666666666667,0.4,12.0,31.02888888888889,20.266666666666666,17.8,23,26,1
2012-10-28,Jaguars,Packers,15.6,4.733333333333333,14.266666666666667,0.26666666666666666,0.8,16.466666666666665,30.866666666666667,143.26666666666668,27.066666666666666,109.86666666666666,253.13333333333333,2.7333333333333334,21.133333333333333,0.6,0.8,1.4,5.266666666666667,48.666666666666664,0.9333333333333333,1.6666666666666667,0.4,12.0,28.886666666666667,19.466666666666665,5.333333333333333,14.0,0.26666666666666666,0.5333333333333333,21.466666666666665,33.8,236.93333333333334,30.133333333333333,121.8,358.73333333333335,1.4666666666666666,9.466666666666667,0.9333333333333333,0.9333333333333333,1.8666666666666667,7.2,58.53333333333333,0.7333333333333333,1.6,0.4,12.133333333333333,31.58,21.333333333333332,18.733333333333334,15,24,1
2012-11-04,Jaguars,Lions,15.933333333333334,4.733333333333333,14.4,0.2,0.8666666666666667,17.6,32.0,155.86666666666667,26.733333333333334,108.4,264.26666666666665,2.8,22.266666666666666,0.6666666666666666,0.6666666666666666,1.3333333333333333,5.4,51.2,0.8,1.5333333333333334,0.4,11.933333333333334,29.294444444444444,19.466666666666665,5.0,13.733333333333333,0.26666666666666666,0.6,21.866666666666667,34.2,234.93333333333334,29.266666666666666,115.8,350.73333333333335,1.4666666666666666,8.866666666666667,0.8666666666666667,0.9333333333333333,1.8,7.066666666666666,56.733333333333334,0.5333333333333333,1.4,0.4666666666666667,12.2,31.17222222222222,21.4,18.733333333333334,31,14,0
2012-11-08,Jaguars,Colts,16.0,4.733333333333333,14.133333333333333,0.26666666666666666,0.9333333333333333,18.466666666666665,33.13333333333333,162.86666666666667,25.333333333333332,103.26666666666667,266.1333333333333,2.7333333333333334,22.066666666666666,0.6666666666666666,0.7333333333333333,1.4,5.266666666666667,50.2,0.6666666666666666,1.3333333333333333,0.4,11.733333333333333,28.571111111111115,20.333333333333332,5.266666666666667,13.533333333333333,0.26666666666666666,0.5333333333333333,22.0,34.46666666666667,245.4,30.0,120.13333333333334,365.53333333333336,1.2,6.666666666666667,0.8,0.8,1.6,7.0,56.86666666666667,0.5333333333333333,1.2666666666666666,0.4666666666666667,12.0,31.895555555555557,22.333333333333332,19.466666666666665,27,10,0
2012-11-18,Jaguars,Texans,15.8,4.333333333333333,13.8,0.3333333333333333,1.0666666666666667,18.866666666666667,33.53333333333333,169.86666666666667,24.2,98.53333333333333,268.4,2.933333333333333,23.066666666666666,0.7333333333333333,0.8666666666666667,1.6,5.333333333333333,52.46666666666667,0.6,1.1333333333333333,0.4,11.933333333333334,28.12777777777778,20.6,5.2,13.6,0.3333333333333333,0.6,22.066666666666666,34.6,247.73333333333332,30.6,119.46666666666667,367.2,1.2,6.2,0.8666666666666667,0.8,1.6666666666666667,6.8,54.86666666666667,0.4666666666666667,1.0,0.6,12.2,32.33888888888889,23.466666666666665,19.2,37,43,1
2012-11-25,Jaguars,Titans,16.0,4.266666666666667,13.466666666666667,0.4,1.1333333333333333,18.733333333333334,33.2,184.66666666666666,24.533333333333335,97.26666666666667,281.93333333333334,2.6,20.266666666666666,0.8,0.8,1.6,5.466666666666667,54.06666666666667,0.6,1.0,0.26666666666666666,11.933333333333334,28.105555555555554,22.6,5.333333333333333,13.333333333333334,0.3333333333333333,0.6,23.733333333333334,36.4,272.8666666666667,30.866666666666667,123.53333333333333,396.4,1.3333333333333333,7.733333333333333,0.8666666666666667,0.9333333333333333,1.8,6.466666666666667,50.86666666666667,0.4,0.8666666666666667,0.6,12.133333333333333,33.22666666666667,24.6,21.2,19,24,1
2012-12-02,Jaguars,Bills,16.133333333333333,4.133333333333334,13.333333333333334,0.4,1.0666666666666667,18.6,32.733333333333334,187.6,24.266666666666666,95.33333333333333,282.93333333333334,2.933333333333333,21.733333333333334,0.8,0.8,1.6,5.6,54.333333333333336,0.4666666666666667,0.8666666666666667,0.26666666666666666,12.0,27.950000000000003,22.666666666666668,5.466666666666667,13.666666666666666,0.3333333333333333,0.6,23.8,37.2,269.93333333333334,31.066666666666666,121.6,391.53333333333336,1.4,8.466666666666667,0.8666666666666667,1.0666666666666667,1.9333333333333333,6.466666666666667,50.0,0.3333333333333333,0.7333333333333333,0.6,12.2,33.382222222222225,23.333333333333332,21.866666666666667,18,34,1
2012-12-09,Jaguars,Jets,16.133333333333333,3.8666666666666667,13.0,0.4,1.2666666666666666,18.6,33.333333333333336,186.06666666666666,23.266666666666666,90.93333333333334,277.0,3.066666666666667,22.266666666666666,0.8666666666666667,0.7333333333333333,1.6,5.6,53.93333333333333,0.2,0.5333333333333333,0.06666666666666667,12.0,27.41888888888889,23.0,5.6,13.733333333333333,0.26666666666666666,0.5333333333333333,23.266666666666666,36.2,266.06666666666666,32.53333333333333,129.73333333333332,395.8,1.2,7.533333333333333,0.6666666666666666,0.9333333333333333,1.6,6.266666666666667,50.2,0.2,0.6,0.6,12.2,33.913333333333334,23.6,21.4,17,10,0
2012-12-16,Jaguars,Dolphins,16.4,3.8,13.4,0.6,1.4666666666666666,19.2,34.733333333333334,191.2,23.6,91.4,282.6,2.933333333333333,20.066666666666666,0.6666666666666666,0.8,1.4666666666666666,5.733333333333333,54.86666666666667,0.13333333333333333,0.4666666666666667,0.0,12.133333333333333,27.952222222222225,22.8,5.466666666666667,13.6,0.26666666666666666,0.4666666666666667,22.466666666666665,35.333333333333336,254.6,33.0,134.33333333333334,388.93333333333334,1.2,7.733333333333333,0.8,0.9333333333333333,1.7333333333333334,6.066666666666666,49.13333333333333,0.13333333333333333,0.26666666666666666,0.4666666666666667,12.2,33.379999999999995,23.8,19.333333333333332,3,24,1
2012-12-23,Jaguars,Patriots,16.066666666666666,3.8666666666666667,13.2,0.4666666666666667,1.4666666666666666,19.0,34.2,192.93333333333334,23.133333333333333,89.6,282.53333333333336,3.0,19.866666666666667,0.6666666666666666,0.7333333333333333,1.4,6.0,58.86666666666667,0.0,0.26666666666666666,0.0,11.866666666666667,27.642222222222223,23.2,5.666666666666667,13.533333333333333,0.26666666666666666,0.5333333333333333,22.333333333333332,34.6,245.73333333333332,33.733333333333334,142.0,387.73333333333335,1.2,7.933333333333334,0.8,0.8,1.6,6.4,51.86666666666667,0.06666666666666667,0.13333333333333333,0.4666666666666667,11.933333333333334,33.690000000000005,22.866666666666667,19.4,23,16,0
2012-12-30,Jaguars,Titans,16.533333333333335,3.8,13.333333333333334,0.5333333333333333,1.5333333333333334,20.2,36.333333333333336,211.06666666666666,22.333333333333332,83.13333333333334,294.2,2.8666666666666667,18.8,0.6,0.9333333333333333,1.5333333333333334,6.266666666666667,61.333333333333336,0.0,0.0,0.0,12.066666666666666,27.761111111111113,23.466666666666665,5.533333333333333,13.4,0.26666666666666666,0.4666666666666667,22.133333333333333,34.666666666666664,246.0,34.06666666666667,145.13333333333333,391.1333333333333,1.2,7.866666666666666,0.7333333333333333,0.8,1.5333333333333334,6.4,51.8,0.0,0.0,0.4666666666666667,12.066666666666666,33.57111111111111,23.533333333333335,19.2,20,38,1
2013-09-08,Jaguars,Chiefs,16.466666666666665,3.6666666666666665,13.2,0.4666666666666667,1.6,20.333333333333332,36.46666666666667,211.8,21.6,83.73333333333333,295.53333333333336,3.2,20.6,0.5333333333333333,1.1333333333333333,1.6666666666666667,6.466666666666667,62.0,0.0,0.0,0.06666666666666667,12.133333333333333,27.39666666666667,22.933333333333334,5.8,13.666666666666666,0.26666666666666666,0.6,21.4,33.86666666666667,237.73333333333332,34.4,142.2,379.93333333333334,1.2,8.266666666666667,0.6666666666666666,0.8,1.4666666666666666,6.4,51.53333333333333,0.0,0.0,0.8666666666666667,12.066666666666666,33.60888888888889,23.333333333333332,20.0,28,2,0
2013-09-15,Jaguars,Raiders,16.666666666666668,4.0,13.866666666666667,0.4666666666666667,1.6666666666666667,21.0,37.8,215.46666666666667,22.2,84.13333333333334,299.6,3.4,22.333333333333332,0.4666666666666667,1.2666666666666666,1.7333333333333334,6.266666666666667,59.266666666666666,0.0,0.06666666666666667,0.06666666666666667,12.333333333333334,28.182222222222222,22.2,5.6,13.533333333333333,0.2,0.5333333333333333,21.066666666666666,33.8,236.13333333333333,33.0,135.86666666666667,372.0,1.2666666666666666,8.4,0.6666666666666666,0.8,1.4666666666666666,5.933333333333334,48.6,0.2,0.2,1.0,12.2,32.82333333333334,23.4,19.666666666666668,9,19,1
2013-09-22,Jaguars,Seahawks,16.666666666666668,4.2,14.133333333333333,0.5333333333333333,1.7333333333333334,22.0,38.93333333333333,219.86666666666667,21.333333333333332,74.06666666666666,293.93333333333334,3.6666666666666665,23.666666666666668,0.4666666666666667,1.2666666666666666,1.7333333333333334,6.533333333333333,59.46666666666667,0.06666666666666667,0.2,0.06666666666666667,12.266666666666667,28.22222222222222,21.733333333333334,5.2,13.2,0.2,0.5333333333333333,20.6,32.333333333333336,222.86666666666667,33.333333333333336,142.66666666666666,365.53333333333336,1.4666666666666666,9.2,0.7333333333333333,0.7333333333333333,1.4666666666666666,5.533333333333333,43.53333333333333,0.26666666666666666,0.5333333333333333,1.0,12.2,32.78333333333333,22.533333333333335,19.8,17,45,1
2013-09-29,Jaguars,Colts,16.666666666666668,4.333333333333333,14.333333333333334,0.6,1.7333333333333334,21.666666666666668,39.2,224.6,21.8,72.86666666666666,297.46666666666664,3.466666666666667,22.2,0.4666666666666667,1.3333333333333333,1.8,6.6,60.0,0.2,0.5333333333333333,0.06666666666666667,12.533333333333333,28.137777777777778,22.266666666666666,5.333333333333333,13.133333333333333,0.13333333333333333,0.4666666666666667,20.666666666666668,32.2,228.13333333333333,33.46666666666667,143.86666666666667,372.0,1.6,9.733333333333333,0.7333333333333333,0.7333333333333333,1.4666666666666666,5.4,41.8,0.5333333333333333,0.8666666666666667,1.0,12.4,32.867777777777775,21.866666666666667,22.133333333333333,37,3,0
2013-10-06,Jaguars,Rams,16.933333333333334,4.133333333333334,14.2,0.6,1.8,21.666666666666668,39.13333333333333,227.0,21.866666666666667,71.53333333333333,298.53333333333336,3.533333333333333,22.266666666666666,0.4,1.4,1.8,6.8,61.06666666666667,0.2,0.6,0.06666666666666667,12.533333333333333,28.095555555555556,22.266666666666666,5.066666666666666,12.866666666666667,0.06666666666666667,0.4,20.666666666666668,32.13333333333333,227.66666666666666,33.266666666666666,140.06666666666666,367.73333333333335,1.6666666666666667,10.333333333333334,0.7333333333333333,0.7333333333333333,1.4666666666666666,5.066666666666666,40.333333333333336,0.6666666666666666,1.2,0.8666666666666667,12.533333333333333,32.91,21.6,22.133333333333333,20,34,1
2013-10-13,Jaguars,Broncos,17.333333333333332,4.266666666666667,14.0,0.6,1.8666666666666667,21.6,39.13333333333333,234.46666666666667,21.8,74.33333333333333,308.8,3.466666666666667,20.733333333333334,0.4,1.5333333333333334,1.9333333333333333,6.666666666666667,57.93333333333333,0.26666666666666666,0.8,0.06666666666666667,12.4,27.735555555555557,22.4,5.2,13.0,0.06666666666666667,0.4,20.2,31.333333333333332,222.73333333333332,33.93333333333333,145.0,367.73333333333335,1.6666666666666667,10.2,0.6,0.6666666666666666,1.2666666666666666,4.866666666666666,40.0,0.8,1.5333333333333334,1.0,12.4,33.13,21.4,22.666666666666668,19,35,1
2013-10-20,Jaguars,Chargers,17.466666666666665,4.266666666666667,13.866666666666667,0.6,1.9333333333333333,21.6,38.666666666666664,235.26666666666668,22.266666666666666,74.93333333333334,310.2,3.466666666666667,19.933333333333334,0.3333333333333333,1.6666666666666667,2.0,6.666666666666667,56.93333333333333,0.3333333333333333,1.0,0.2,12.266666666666667,27.765555555555558,22.8,5.333333333333333,13.0,0.13333333333333333,0.4,20.6,31.733333333333334,230.93333333333334,34.13333333333333,148.06666666666666,379.0,1.5333333333333334,9.266666666666667,0.6666666666666666,0.7333333333333333,1.4,4.8,39.86666666666667,1.0666666666666667,1.9333333333333333,0.9333333333333333,12.333333333333334,33.1,21.666666666666668,23.4,24,6,0
2013-10-27,Jaguars,49ers,17.4,4.066666666666666,13.866666666666667,0.6,2.066666666666667,21.333333333333332,38.53333333333333,239.26666666666668,22.066666666666666,75.86666666666666,315.1333333333333,3.8,22.466666666666665,0.3333333333333333,1.6,1.9333333333333333,6.866666666666666,57.266666666666666,0.3333333333333333,1.2,0.2,12.2,27.63222222222222,22.866666666666667,5.266666666666667,13.0,0.13333333333333333,0.4,20.6,31.266666666666666,230.33333333333334,34.53333333333333,148.66666666666666,379.0,1.5333333333333334,9.866666666666667,0.6666666666666666,0.7333333333333333,1.4,5.0,41.13333333333333,1.2666666666666666,2.2666666666666666,0.9333333333333333,12.333333333333334,33.233333333333334,21.2,22.866666666666667,42,10,0
2013-11-10,Jaguars,Titans,17.4,4.266666666666667,14.133333333333333,0.7333333333333333,2.2666666666666666,21.4,38.4,234.46666666666667,22.933333333333334,79.4,313.8666666666667,3.533333333333333,20.466666666666665,0.3333333333333333,1.4666666666666666,1.8,6.6,54.666666666666664,0.3333333333333333,1.3333333333333333,0.2,12.066666666666666,28.117777777777782,22.933333333333334,5.466666666666667,12.866666666666667,0.2,0.4666666666666667,20.133333333333333,30.666666666666668,227.4,34.6,154.2,381.6,1.4,9.466666666666667,0.6666666666666666,0.6666666666666666,1.3333333333333333,4.866666666666666,40.8,1.6,2.6,0.9333333333333333,12.2,32.74777777777778,22.2,22.866666666666667,29,27,0
2013-11-17,Jaguars,Cardinals,17.133333333333333,4.2,14.0,0.6666666666666666,2.1333333333333333,21.133333333333333,37.6,220.33333333333334,23.0,77.26666666666667,297.6,3.6,21.4,0.26666666666666666,1.6,1.8666666666666667,6.466666666666667,52.333333333333336,0.4666666666666667,1.5333333333333334,0.3333333333333333,12.133333333333333,27.990000000000002,21.6,5.866666666666666,13.333333333333334,0.2,0.4666666666666667,19.0,29.8,212.4,34.06666666666667,149.8,362.2,1.3333333333333333,8.533333333333333,0.8,0.6,1.4,5.133333333333334,42.46666666666667,1.8,3.0,0.9333333333333333,12.133333333333333,32.01,21.666666666666668,21.8,27,14,0
2013-11-24,Jaguars,Texans,16.8,3.8666666666666667,14.0,0.8,2.2666666666666666,21.8,38.666666666666664,221.73333333333332,22.266666666666666,72.73333333333333,294.46666666666664,3.2666666666666666,19.6,0.26666666666666666,1.6666666666666667,1.9333333333333333,6.533333333333333,53.0,0.5333333333333333,1.6,0.3333333333333333,12.266666666666667,27.63888888888889,21.533333333333335,5.8,13.4,0.2,0.4666666666666667,19.466666666666665,29.933333333333334,222.53333333333333,33.733333333333334,143.4,365.93333333333334,1.4666666666666666,8.933333333333334,0.8,0.4666666666666667,1.2666666666666666,5.066666666666666,42.46666666666667,1.9333333333333333,3.2666666666666666,0.9333333333333333,12.266666666666667,32.36111111111111,22.2,21.133333333333333,13,6,0
2013-12-01,Jaguars,Browns,16.466666666666665,4.266666666666667,14.466666666666667,0.8666666666666667,2.1333333333333333,22.066666666666666,38.06666666666667,223.66666666666666,22.933333333333334,77.26666666666667,300.93333333333334,3.3333333333333335,20.133333333333333,0.2,1.6,1.8,6.466666666666667,52.266666666666666,0.6,1.7333333333333334,0.3333333333333333,12.2,28.227777777777778,20.933333333333334,5.733333333333333,13.6,0.2,0.4666666666666667,20.066666666666666,31.066666666666666,224.46666666666667,32.06666666666667,133.06666666666666,357.53333333333336,1.6,10.8,0.7333333333333333,0.4666666666666667,1.2,4.6,37.266666666666666,1.9333333333333333,3.3333333333333335,0.9333333333333333,12.133333333333333,31.772222222222226,21.866666666666667,19.266666666666666,32,28,0
2013-12-05,Jaguars,Texans,16.866666666666667,4.6,14.466666666666667,0.6666666666666666,1.9333333333333333,22.2,37.93333333333333,225.93333333333334,23.266666666666666,76.53333333333333,302.46666666666664,3.2666666666666666,19.066666666666666,0.2,1.5333333333333334,1.7333333333333334,6.333333333333333,51.0,0.7333333333333333,2.0,0.3333333333333333,12.333333333333334,28.302222222222223,21.4,5.866666666666666,13.6,0.26666666666666666,0.5333333333333333,20.866666666666667,32.46666666666667,240.33333333333334,31.266666666666666,128.46666666666667,368.8,1.7333333333333334,12.2,0.6666666666666666,0.6,1.2666666666666666,5.133333333333334,39.6,2.066666666666667,3.466666666666667,0.9333333333333333,12.2,31.69777777777778,22.866666666666667,20.466666666666665,20,27,1
2013-12-15,Jaguars,Bills,17.2,4.466666666666667,14.4,0.6666666666666666,1.7333333333333334,21.866666666666667,37.53333333333333,220.53333333333333,23.733333333333334,80.73333333333333,301.26666666666665,3.2,18.933333333333334,0.2,1.5333333333333334,1.7333333333333334,6.2,48.93333333333333,0.8666666666666667,2.1333333333333333,0.3333333333333333,12.666666666666666,28.32,21.2,6.0,14.0,0.3333333333333333,0.6,21.6,34.4,247.93333333333334,30.133333333333333,122.0,369.93333333333334,1.8666666666666667,13.733333333333333,0.6,0.7333333333333333,1.3333333333333333,5.733333333333333,48.666666666666664,2.2,3.8,0.9333333333333333,12.4,31.680000000000003,24.0,20.666666666666668,27,20,0
2013-12-22,Jaguars,Titans,17.2,4.733333333333333,14.4,0.6,1.6666666666666667,21.333333333333332,36.53333333333333,210.66666666666666,24.266666666666666,85.13333333333334,295.8,3.466666666666667,21.4,0.3333333333333333,1.4666666666666666,1.8,6.266666666666667,51.13333333333333,1.0,2.4,0.3333333333333333,12.6,27.975555555555555,21.333333333333332,6.066666666666666,14.066666666666666,0.3333333333333333,0.6,21.133333333333333,33.266666666666666,242.73333333333332,31.266666666666666,128.33333333333334,371.06666666666666,1.9333333333333333,14.0,0.6666666666666666,0.6666666666666666,1.3333333333333333,5.933333333333334,50.53333333333333,2.4,4.0,0.9333333333333333,12.533333333333333,32.02444444444445,24.266666666666666,20.933333333333334,20,16,0
2013-12-29,Jaguars,Colts,16.8,4.466666666666667,14.066666666666666,0.6666666666666666,1.6666666666666667,21.266666666666666,36.06666666666667,208.86666666666667,24.133333333333333,81.2,290.06666666666666,3.1333333333333333,19.133333333333333,0.3333333333333333,1.3333333333333333,1.6666666666666667,6.066666666666666,49.8,1.1333333333333333,2.6,0.26666666666666666,12.466666666666667,27.44222222222222,22.0,5.866666666666666,14.0,0.5333333333333333,0.7333333333333333,21.666666666666668,34.0,244.2,31.933333333333334,135.2,379.4,2.0,14.466666666666667,0.6666666666666666,0.7333333333333333,1.4,5.666666666666667,47.93333333333333,2.466666666666667,4.133333333333334,0.5333333333333333,12.466666666666667,32.55777777777778,24.266666666666666,19.466666666666665,10,30,1
2014-09-07,Jaguars,Eagles,17.266666666666666,4.333333333333333,13.733333333333333,0.8666666666666667,1.9333333333333333,22.0,36.733333333333334,222.26666666666668,23.666666666666668,79.26666666666667,301.53333333333336,2.933333333333333,17.333333333333332,0.4,1.2666666666666666,1.6666666666666667,6.066666666666666,51.13333333333333,1.2,2.6666666666666665,0.26666666666666666,12.2,27.297777777777775,22.4,6.066666666666666,14.066666666666666,0.6,0.8,22.2,34.46666666666667,252.73333333333332,32.0,132.46666666666667,385.2,2.0,14.866666666666667,0.6666666666666666,0.7333333333333333,1.4,5.6,47.266666666666666,2.466666666666667,4.266666666666667,0.4,12.4,32.70222222222222,23.066666666666666,21.333333333333332,17,34,1
2014-09-14,Jaguars,Commanders,17.466666666666665,4.0,13.533333333333333,0.8,1.9333333333333333,21.933333333333334,37.06666666666667,224.13333333333333,24.0,81.26666666666667,305.4,2.8,17.133333333333333,0.4666666666666667,1.2666666666666666,1.7333333333333334,5.866666666666666,50.13333333333333,1.1333333333333333,2.6,0.26666666666666666,12.533333333333333,27.366666666666667,22.933333333333334,6.333333333333333,14.4,0.6666666666666666,0.8666666666666667,23.0,35.86666666666667,263.46666666666664,31.866666666666667,127.06666666666666,390.53333333333336,2.1333333333333333,17.2,0.7333333333333333,0.8,1.5333333333333334,5.666666666666667,48.6,2.4,4.066666666666666,0.5333333333333333,12.6,32.63333333333333,23.6,22.333333333333332,10,41,1
2014-09-21,Jaguars,Colts,16.866666666666667,3.933333333333333,13.466666666666667,0.7333333333333333,1.9333333333333333,21.666666666666668,36.4,218.06666666666666,23.0,79.53333333333333,297.6,3.2666666666666666,20.4,0.4,1.2,1.6,6.0,50.06666666666667,1.0,2.3333333333333335,0.26666666666666666,12.4,26.93777777777778,23.2,6.466666666666667,14.666666666666666,0.7333333333333333,1.0,23.2,36.333333333333336,259.1333333333333,32.266666666666666,129.4,388.53333333333336,2.2,18.666666666666668,0.6666666666666666,0.7333333333333333,1.4,6.133333333333334,53.53333333333333,2.4,4.133333333333334,0.5333333333333333,12.533333333333333,33.062222222222225,23.133333333333333,22.066666666666666,44,17,0
2014-09-28,Jaguars,Chargers,17.133333333333333,4.066666666666666,13.4,0.7333333333333333,1.8666666666666667,21.733333333333334,36.333333333333336,223.0,23.133333333333333,83.86666666666666,306.8666666666667,3.2666666666666666,20.6,0.4666666666666667,1.1333333333333333,1.6,5.533333333333333,46.733333333333334,1.0666666666666667,2.3333333333333335,0.26666666666666666,12.4,26.91,23.266666666666666,6.6,14.733333333333333,0.7333333333333333,1.0666666666666667,23.866666666666667,36.666666666666664,266.1333333333333,32.2,128.53333333333333,394.6666666666667,2.2,18.066666666666666,0.6666666666666666,0.6666666666666666,1.3333333333333333,6.2,52.733333333333334,2.533333333333333,4.2,0.5333333333333333,12.533333333333333,33.089999999999996,23.6,23.0,14,33,1
2014-10-05,Jaguars,Steelers,17.466666666666665,4.466666666666667,13.533333333333333,0.7333333333333333,1.8666666666666667,22.6,36.666666666666664,220.86666666666667,23.133333333333333,83.13333333333334,304.0,3.3333333333333335,21.666666666666668,0.4666666666666667,1.1333333333333333,1.6,5.466666666666667,45.86666666666667,1.1333333333333333,2.2666666666666666,0.26666666666666666,12.2,27.30222222222222,23.066666666666666,6.666666666666667,14.533333333333333,0.7333333333333333,1.0666666666666667,24.533333333333335,37.0,276.6,31.133333333333333,121.8,398.4,2.2,17.933333333333334,0.6666666666666666,0.6666666666666666,1.3333333333333333,6.266666666666667,53.0,2.4,4.133333333333334,0.4,12.333333333333334,32.69777777777777,23.2,22.933333333333334,17,9,0
2014-10-12,Jaguars,Titans,16.933333333333334,4.333333333333333,13.4,0.8,1.7333333333333334,22.266666666666666,36.266666666666666,213.93333333333334,22.333333333333332,82.13333333333334,296.06666666666666,3.2666666666666666,21.133333333333333,0.4666666666666667,1.1333333333333333,1.6,5.266666666666667,44.0,1.0666666666666667,2.2,0.13333333333333333,12.133333333333333,26.866666666666667,22.666666666666668,6.733333333333333,14.733333333333333,0.6666666666666666,1.0,24.4,36.6,274.3333333333333,31.066666666666666,121.73333333333333,396.06666666666666,2.466666666666667,18.733333333333334,0.6,0.6,1.2,6.466666666666667,54.266666666666666,2.2,4.0,0.5333333333333333,12.133333333333333,33.13333333333333,23.066666666666666,21.2,14,16,1
2014-10-19,Jaguars,Browns,17.533333333333335,4.666666666666667,13.666666666666666,0.7333333333333333,1.5333333333333334,22.866666666666667,36.93333333333333,215.4,22.733333333333334,82.4,297.8,3.2666666666666666,20.866666666666667,0.5333333333333333,1.1333333333333333,1.6666666666666667,5.266666666666667,43.333333333333336,1.2,2.1333333333333333,0.13333333333333333,12.333333333333334,27.44111111111111,21.8,6.466666666666667,14.666666666666666,0.6666666666666666,1.0,24.066666666666666,36.733333333333334,270.6,30.0,115.86666666666666,386.46666666666664,2.6,19.0,0.6,0.6,1.2,6.266666666666667,53.4,2.066666666666667,3.8666666666666667,0.5333333333333333,12.266666666666667,32.55888888888889,22.4,21.866666666666667,6,24,1
2014-10-26,Jaguars,Dolphins,17.533333333333335,4.733333333333333,13.8,0.5333333333333333,1.2,22.066666666666666,36.0,210.26666666666668,23.4,88.73333333333333,299.0,3.4,21.4,0.4666666666666667,1.3333333333333333,1.8,5.066666666666666,39.93333333333333,1.3333333333333333,2.3333333333333335,0.13333333333333333,12.8,27.44333333333333,21.0,6.333333333333333,15.2,0.5333333333333333,1.0666666666666667,24.4,38.333333333333336,271.93333333333334,29.466666666666665,105.73333333333333,377.6666666666667,2.8,20.2,0.6666666666666666,0.6666666666666666,1.3333333333333333,6.533333333333333,54.4,1.7333333333333334,3.6666666666666665,0.4,12.666666666666666,32.556666666666665,20.0,22.8,27,13,0
2014-11-02,Jaguars,Bengals,17.933333333333334,4.933333333333334,14.0,0.6666666666666666,1.3333333333333333,22.333333333333332,36.733333333333334,213.0,23.4,96.86666666666666,309.8666666666667,3.466666666666667,21.4,0.5333333333333333,1.3333333333333333,1.8666666666666667,5.2,41.13333333333333,1.2,2.2,0.0,12.6,27.642222222222223,20.866666666666667,6.0,14.8,0.5333333333333333,1.0666666666666667,23.733333333333334,37.46666666666667,265.2,29.266666666666666,110.06666666666666,375.26666666666665,2.933333333333333,20.8,0.4666666666666667,0.6666666666666666,1.1333333333333333,6.6,54.86666666666667,1.6,3.533333333333333,0.6666666666666666,12.333333333333334,32.35777777777778,19.866666666666667,21.866666666666667,23,33,1
2014-11-09,Jaguars,Cowboys,18.266666666666666,5.066666666666666,13.866666666666667,0.5333333333333333,1.1333333333333333,22.0,36.13333333333333,212.4,24.0,103.53333333333333,315.93333333333334,3.466666666666667,21.466666666666665,0.5333333333333333,1.2666666666666666,1.8,5.0,40.8,1.2666666666666666,2.4,0.0,12.533333333333333,27.85222222222222,21.133333333333333,6.066666666666666,14.6,0.5333333333333333,1.0666666666666667,23.0,36.733333333333334,253.86666666666667,29.933333333333334,121.86666666666666,375.73333333333335,2.8666666666666667,19.733333333333334,0.4666666666666667,0.8,1.2666666666666666,6.666666666666667,54.733333333333334,1.6666666666666667,3.533333333333333,0.6666666666666666,12.2,32.14777777777778,19.6,23.133333333333333,31,17,0
2014-11-23,Jaguars,Colts,18.533333333333335,4.866666666666666,13.666666666666666,0.6,1.3333333333333333,21.933333333333334,36.4,215.53333333333333,23.733333333333334,100.4,315.93333333333334,3.466666666666667,21.733333333333334,0.6666666666666666,1.3333333333333333,2.0,4.666666666666667,37.86666666666667,1.2666666666666666,2.4,0.0,12.6,27.504444444444445,21.466666666666665,6.066666666666666,14.466666666666667,0.5333333333333333,1.0,23.2,36.333333333333336,261.0,30.533333333333335,126.8,387.8,2.8,18.266666666666666,0.5333333333333333,0.7333333333333333,1.2666666666666666,7.133333333333334,57.6,1.7333333333333334,3.533333333333333,0.6666666666666666,12.4,32.495555555555555,20.8,23.866666666666667,3,23,1
2014-11-30,Jaguars,Giants,17.8,4.6,13.4,0.6,1.4,21.4,35.46666666666667,209.66666666666666,23.333333333333332,98.26666666666667,307.93333333333334,3.6,23.8,0.7333333333333333,1.3333333333333333,2.066666666666667,4.733333333333333,38.4,1.1333333333333333,2.2666666666666666,0.0,12.4,27.19222222222222,21.466666666666665,6.266666666666667,14.733333333333333,0.4666666666666667,0.9333333333333333,23.0,35.8,252.46666666666667,30.866666666666667,132.0,384.46666666666664,2.933333333333333,19.0,0.6666666666666666,0.6,1.2666666666666666,6.933333333333334,57.86666666666667,1.6666666666666667,3.7333333333333334,0.6666666666666666,12.266666666666667,32.80777777777778,18.866666666666667,23.533333333333335,24,25,1
2014-12-07,Jaguars,Texans,17.8,4.533333333333333,13.266666666666667,0.6,1.4,21.933333333333334,35.93333333333333,210.2,22.933333333333334,96.2,306.4,4.0,27.0,0.7333333333333333,1.3333333333333333,2.066666666666667,4.666666666666667,37.86666666666667,1.0,2.2666666666666666,0.26666666666666666,12.266666666666667,27.24,21.4,6.2,14.6,0.4,0.8,22.4,34.2,245.13333333333333,31.933333333333334,134.2,379.3333333333333,3.0,19.0,0.8666666666666667,0.4666666666666667,1.3333333333333333,6.4,48.733333333333334,1.7333333333333334,3.6666666666666665,0.6666666666666666,12.266666666666667,32.76,19.133333333333333,23.4,27,13,0
2014-12-14,Jaguars,Ravens,17.466666666666665,4.333333333333333,13.266666666666667,0.6,1.4666666666666666,21.866666666666667,36.2,209.73333333333332,22.333333333333332,90.53333333333333,300.26666666666665,3.933333333333333,25.333333333333332,0.6,1.2666666666666666,1.8666666666666667,4.666666666666667,35.2,0.9333333333333333,2.2,0.26666666666666666,12.2,27.24666666666667,21.0,6.066666666666666,14.666666666666666,0.5333333333333333,0.9333333333333333,22.133333333333333,33.86666666666667,242.93333333333334,31.866666666666667,132.26666666666668,375.2,2.8,17.333333333333332,0.8,0.4,1.2,6.4,48.53333333333333,1.7333333333333334,3.6666666666666665,0.6666666666666666,12.066666666666666,32.75333333333334,19.133333333333333,22.933333333333334,12,20,1
2014-12-18,Jaguars,Titans,17.333333333333332,4.466666666666667,13.733333333333333,0.6,1.4666666666666666,21.733333333333334,36.46666666666667,205.73333333333332,22.466666666666665,91.8,297.53333333333336,4.333333333333333,28.8,0.6,1.2666666666666666,1.8666666666666667,4.733333333333333,38.2,0.8,2.066666666666667,0.26666666666666666,12.333333333333334,27.736666666666668,20.666666666666668,6.133333333333334,14.6,0.3333333333333333,0.6666666666666666,22.333333333333332,34.13333333333333,246.73333333333332,30.666666666666668,126.33333333333333,373.06666666666666,2.6,16.2,0.8666666666666667,0.3333333333333333,1.2,6.933333333333334,52.93333333333333,1.7333333333333334,3.7333333333333334,0.7333333333333333,12.133333333333333,32.263333333333335,18.6,23.2,13,21,1
2014-12-28,Jaguars,Texans,17.2,4.6,13.666666666666666,0.4,1.1333333333333333,20.666666666666668,34.86666666666667,192.6,23.066666666666666,100.8,293.4,4.4,28.133333333333333,0.5333333333333333,1.2,1.7333333333333334,4.6,36.53333333333333,0.8666666666666667,2.066666666666667,0.26666666666666666,12.266666666666667,27.65666666666667,20.4,6.066666666666666,14.533333333333333,0.26666666666666666,0.6666666666666666,22.0,33.733333333333334,244.26666666666668,30.666666666666668,127.33333333333333,371.6,2.8,17.333333333333332,0.8666666666666667,0.3333333333333333,1.2,7.266666666666667,55.4,1.6,3.533333333333333,0.7333333333333333,12.0,32.343333333333334,18.8,22.6,17,23,1
2015-09-13,Jaguars,Panthers,16.866666666666667,4.466666666666667,13.466666666666667,0.4666666666666667,1.2,20.066666666666666,34.266666666666666,183.93333333333334,22.4,104.6,288.53333333333336,4.533333333333333,28.4,0.4666666666666667,1.2,1.6666666666666667,4.4,34.53333333333333,0.8666666666666667,2.066666666666667,0.4,11.933333333333334,27.054444444444446,20.4,6.2,14.466666666666667,0.2,0.6,21.866666666666667,33.06666666666667,241.6,31.133333333333333,125.86666666666666,367.46666666666664,2.6666666666666665,15.2,0.8,0.3333333333333333,1.1333333333333333,7.266666666666667,55.733333333333334,1.8,3.6,0.6,11.866666666666667,32.94555555555556,18.8,21.866666666666667,20,9,0
2015-09-20,Jaguars,Dolphins,17.533333333333335,4.466666666666667,13.4,0.5333333333333333,1.2666666666666666,20.6,35.06666666666667,187.0,23.133333333333333,109.33333333333333,296.3333333333333,4.2,24.666666666666668,0.5333333333333333,1.2666666666666666,1.8,4.2,33.266666666666666,0.9333333333333333,2.2,0.4,11.933333333333334,27.382222222222218,19.4,6.333333333333333,14.666666666666666,0.2,0.5333333333333333,21.466666666666665,32.733333333333334,234.93333333333334,30.666666666666668,120.13333333333334,355.06666666666666,2.6,14.333333333333334,0.8,0.4,1.2,6.733333333333333,50.666666666666664,1.6,3.4,0.7333333333333333,11.8,32.617777777777775,19.466666666666665,19.733333333333334,20,23,1
2015-09-27,Jaguars,Patriots,17.6,4.533333333333333,13.666666666666666,0.5333333333333333,1.2666666666666666,20.6,35.2,189.26666666666668,24.0,110.53333333333333,299.8,3.933333333333333,23.533333333333335,0.4666666666666667,1.1333333333333333,1.6,4.666666666666667,38.46666666666667,0.9333333333333333,2.3333333333333335,0.4,12.0,27.861111111111107,18.733333333333334,6.133333333333334,14.733333333333333,0.2,0.5333333333333333,21.266666666666666,32.8,232.2,29.8,113.33333333333333,345.53333333333336,2.6,15.0,0.8,0.4,1.2,7.066666666666666,55.06666666666667,1.4666666666666666,3.1333333333333333,0.6,11.866666666666667,32.13888888888889,17.866666666666667,20.133333333333333,17,51,1
2015-10-04,Jaguars,Colts,17.2,4.333333333333333,13.533333333333333,0.5333333333333333,1.2,19.8,34.93333333333333,189.33333333333334,23.666666666666668,108.66666666666667,298.0,3.8666666666666667,22.666666666666668,0.4,1.0666666666666667,1.4666666666666666,4.933333333333334,43.93333333333333,0.8666666666666667,2.3333333333333335,0.4,11.933333333333334,27.512222222222224,19.8,6.266666666666667,14.6,0.2,0.5333333333333333,21.533333333333335,33.0,230.93333333333334,30.6,118.86666666666666,349.8,2.6,15.0,0.8,0.4,1.2,6.866666666666666,53.266666666666666,1.8666666666666667,3.4,0.6,11.866666666666667,32.48777777777778,18.066666666666666,21.333333333333332,13,16,1
2015-10-11,Jaguars,Buccaneers,17.8,4.6,13.933333333333334,0.4666666666666667,1.1333333333333333,20.2,35.86666666666667,196.13333333333333,24.533333333333335,114.4,310.53333333333336,3.8666666666666667,23.0,0.4,0.9333333333333333,1.3333333333333333,5.533333333333333,47.8,0.9333333333333333,2.4,0.4,12.133333333333333,28.275555555555556,19.933333333333334,6.2,14.533333333333333,0.2,0.5333333333333333,21.8,33.733333333333334,231.26666666666668,30.333333333333332,115.46666666666667,346.73333333333335,2.533333333333333,15.266666666666667,0.8666666666666667,0.4,1.2666666666666666,6.666666666666667,52.93333333333333,1.8666666666666667,3.4,0.4666666666666667,12.133333333333333,32.41777777777778,17.8,21.8,31,38,1
2015-10-18,Jaguars,Texans,17.4,4.2,13.466666666666667,0.5333333333333333,1.2,19.6,35.0,194.33333333333334,24.133333333333333,112.6,306.93333333333334,3.8666666666666667,22.6,0.4,0.9333333333333333,1.3333333333333333,5.333333333333333,46.266666666666666,1.0666666666666667,2.6,0.4,12.133333333333333,27.888888888888893,20.333333333333332,6.333333333333333,14.533333333333333,0.2,0.5333333333333333,21.533333333333335,33.13333333333333,229.0,31.4,123.0,352.0,2.466666666666667,15.933333333333334,0.8666666666666667,0.4,1.2666666666666666,7.0,54.53333333333333,2.0,3.533333333333333,0.6,12.133333333333333,32.80444444444444,18.933333333333334,23.266666666666666,31,20,0
2015-10-25,Jaguars,Bills,17.8,4.2,13.4,0.6666666666666666,1.3333333333333333,20.466666666666665,36.46666666666667,205.0,23.2,105.8,310.8,3.933333333333333,23.4,0.4,0.9333333333333333,1.3333333333333333,5.6,48.86666666666667,1.0666666666666667,2.466666666666667,0.4,11.8,27.783333333333335,21.066666666666666,6.533333333333333,14.333333333333334,0.26666666666666666,0.4666666666666667,22.066666666666666,32.8,235.0,31.466666666666665,124.73333333333333,359.73333333333335,2.3333333333333335,15.133333333333333,0.7333333333333333,0.3333333333333333,1.0666666666666667,7.133333333333334,55.8,2.1333333333333333,3.533333333333333,0.7333333333333333,11.866666666666667,32.910000000000004,20.6,23.0,31,34,1
2015-11-08,Jaguars,Jets,17.666666666666668,4.133333333333334,13.333333333333334,0.5333333333333333,1.2666666666666666,20.133333333333333,36.13333333333333,203.26666666666668,23.333333333333332,102.06666666666666,305.3333333333333,3.8,22.533333333333335,0.3333333333333333,0.8666666666666667,1.2,5.866666666666666,50.8,1.1333333333333333,2.533333333333333,0.6666666666666666,11.866666666666667,27.533333333333335,21.666666666666668,6.4,14.333333333333334,0.26666666666666666,0.5333333333333333,22.6,33.666666666666664,240.46666666666667,31.733333333333334,122.53333333333333,363.0,2.4,16.466666666666665,0.8666666666666667,0.4,1.2666666666666666,7.333333333333333,58.13333333333333,2.1333333333333333,3.466666666666667,0.6,12.066666666666666,33.16,20.866666666666667,24.4,23,28,1
2015-11-15,Jaguars,Ravens,17.666666666666668,4.333333333333333,13.6,0.5333333333333333,1.2666666666666666,20.266666666666666,36.6,210.26666666666668,22.933333333333334,99.8,310.06666666666666,4.066666666666666,24.466666666666665,0.4666666666666667,0.9333333333333333,1.4,5.933333333333334,50.46666666666667,1.0,2.4,0.6666666666666666,11.866666666666667,27.666666666666668,21.066666666666666,6.333333333333333,14.466666666666667,0.3333333333333333,0.6,22.733333333333334,33.86666666666667,242.4,31.333333333333332,111.73333333333333,354.1333333333333,2.4,17.133333333333333,0.8666666666666667,0.26666666666666666,1.1333333333333333,7.333333333333333,58.2,2.1333333333333333,3.4,0.6,12.266666666666667,33.026666666666664,20.866666666666667,24.066666666666666,22,20,0
2015-11-19,Jaguars,Titans,17.8,4.333333333333333,13.733333333333333,0.4,1.0,20.266666666666666,37.13333333333333,204.0,22.8,101.06666666666666,305.06666666666666,4.0,23.933333333333334,0.3333333333333333,0.9333333333333333,1.2666666666666666,6.066666666666666,51.2,1.0666666666666667,2.533333333333333,0.6666666666666666,11.933333333333334,27.804444444444446,21.466666666666665,6.6,14.533333333333333,0.3333333333333333,0.6666666666666666,23.6,35.0,246.4,30.733333333333334,107.6,354.0,2.4,17.266666666666666,0.9333333333333333,0.4,1.3333333333333333,7.333333333333333,61.93333333333333,2.2,3.466666666666667,0.6,12.2,32.88888888888889,20.266666666666666,24.266666666666666,13,19,1
2015-11-29,Jaguars,Chargers,18.266666666666666,4.4,13.8,0.4,0.9333333333333333,20.666666666666668,37.4,210.93333333333334,22.8,101.73333333333333,312.6666666666667,4.0,23.4,0.3333333333333333,0.9333333333333333,1.2666666666666666,6.2,54.2,1.1333333333333333,2.7333333333333334,0.6666666666666666,11.866666666666667,27.97111111111111,21.333333333333332,6.333333333333333,14.266666666666667,0.3333333333333333,0.6666666666666666,23.666666666666668,35.2,246.26666666666668,30.133333333333333,102.86666666666666,349.1333333333333,2.3333333333333335,15.933333333333334,0.8,0.4,1.2,7.333333333333333,62.266666666666666,2.1333333333333333,3.1333333333333333,0.6,12.2,32.72222222222222,20.933333333333334,24.0,31,25,0
2015-12-06,Jaguars,Titans,18.4,4.533333333333333,14.0,0.5333333333333333,1.1333333333333333,21.266666666666666,38.333333333333336,222.8,22.6,100.66666666666667,323.46666666666664,3.6666666666666665,20.533333333333335,0.3333333333333333,1.0,1.3333333333333333,6.133333333333334,53.266666666666666,1.2,2.8666666666666667,0.4,11.866666666666667,28.18777777777778,21.466666666666665,6.266666666666667,14.2,0.4,0.7333333333333333,24.0,35.8,251.4,29.533333333333335,100.4,351.8,2.2,14.333333333333334,0.6,0.4,1.0,7.466666666666667,64.26666666666667,2.2,3.2,0.6,12.133333333333333,32.50555555555555,21.4,24.0,39,42,1
2015-12-13,Jaguars,Colts,18.6,4.866666666666666,13.933333333333334,0.5333333333333333,1.0666666666666667,21.533333333333335,38.06666666666667,230.4,22.533333333333335,101.13333333333334,331.53333333333336,3.533333333333333,20.733333333333334,0.4,0.9333333333333333,1.3333333333333333,6.133333333333334,52.0,1.5333333333333334,3.066666666666667,0.4,11.933333333333334,28.115555555555552,21.933333333333334,6.6,14.133333333333333,0.26666666666666666,0.6,24.466666666666665,36.46666666666667,259.53333333333336,29.0,103.13333333333334,362.6666666666667,2.4,15.066666666666666,0.6666666666666666,0.4666666666666667,1.1333333333333333,7.266666666666667,62.53333333333333,2.2,3.2666666666666666,0.7333333333333333,12.133333333333333,32.577777777777776,22.2,25.933333333333334,16,51,1
2015-12-20,Jaguars,Falcons,19.333333333333332,4.666666666666667,13.333333333333334,0.5333333333333333,0.9333333333333333,21.133333333333333,37.53333333333333,234.4,22.933333333333334,105.93333333333334,340.3333333333333,3.2,18.133333333333333,0.5333333333333333,0.8666666666666667,1.4,6.133333333333334,50.666666666666664,1.8,3.2666666666666666,0.6,11.933333333333334,27.948888888888884,21.933333333333334,6.6,14.4,0.3333333333333333,0.7333333333333333,24.466666666666665,37.333333333333336,259.93333333333334,28.8,103.26666666666667,363.2,2.6,17.266666666666666,0.6666666666666666,0.5333333333333333,1.2,7.2,63.53333333333333,2.1333333333333333,3.2666666666666666,0.8,12.333333333333334,32.74444444444444,22.466666666666665,28.0,23,17,0
2015-12-27,Jaguars,Saints,19.6,4.333333333333333,13.0,0.5333333333333333,1.0,21.733333333333334,38.266666666666666,246.0,22.6,99.8,345.8,3.066666666666667,18.066666666666666,0.5333333333333333,0.9333333333333333,1.4666666666666666,6.266666666666667,53.13333333333333,1.8,3.3333333333333335,0.6,12.0,27.97111111111111,22.133333333333333,6.6,14.333333333333334,0.3333333333333333,0.6666666666666666,24.333333333333332,37.333333333333336,258.8,29.133333333333333,102.46666666666667,361.26666666666665,2.4,15.666666666666666,0.6666666666666666,0.6,1.2666666666666666,7.066666666666666,63.266666666666666,2.2,3.466666666666667,0.8,12.4,32.72222222222222,23.133333333333333,27.733333333333334,27,38,1
2016-01-03,Jaguars,Texans,20.133333333333333,4.733333333333333,12.866666666666667,0.4666666666666667,0.8666666666666667,22.533333333333335,38.333333333333336,261.6666666666667,22.666666666666668,96.06666666666666,357.73333333333335,2.8666666666666667,17.6,0.5333333333333333,1.0666666666666667,1.6,6.533333333333333,55.13333333333333,1.9333333333333333,3.4,0.4666666666666667,12.0,28.09888888888889,22.466666666666665,6.466666666666667,14.0,0.4,0.7333333333333333,24.333333333333332,37.4,269.93333333333334,28.866666666666667,103.26666666666667,373.2,2.2666666666666666,15.333333333333334,0.6,0.5333333333333333,1.1333333333333333,7.0,62.266666666666666,2.2,3.6,0.8,12.2,32.59444444444445,23.8,28.733333333333334,6,30,1
2016-09-11,Jaguars,Packers,19.666666666666668,4.6,12.866666666666667,0.4666666666666667,0.8666666666666667,22.2,37.8,262.6,22.2,91.8,354.4,3.066666666666667,20.4,0.6,1.0666666666666667,1.6666666666666667,6.8,57.0,1.8666666666666667,3.4,0.4666666666666667,12.133333333333333,27.99777777777778,23.0,6.466666666666667,14.0,0.3333333333333333,0.7333333333333333,24.8,38.06666666666667,275.53333333333336,28.6,106.93333333333334,382.46666666666664,2.2666666666666666,14.666666666666666,0.6,0.5333333333333333,1.1333333333333333,7.4,64.46666666666667,2.2666666666666666,3.6,0.8,12.2,32.69555555555556,22.866666666666667,30.133333333333333,27,23,0
2016-09-18,Jaguars,Chargers,19.733333333333334,4.533333333333333,12.933333333333334,0.6666666666666666,1.1333333333333333,22.6,38.2,264.4,21.733333333333334,86.8,351.2,3.2666666666666666,21.733333333333334,0.6,1.1333333333333333,1.7333333333333334,6.8,56.06666666666667,1.8666666666666667,3.4,0.4666666666666667,11.933333333333334,28.081111111111113,23.066666666666666,6.6,13.933333333333334,0.4,0.7333333333333333,24.133333333333333,37.4,265.8666666666667,29.2,110.46666666666667,376.3333333333333,2.2,13.666666666666666,0.6,0.5333333333333333,1.1333333333333333,6.866666666666666,58.6,2.2666666666666666,3.7333333333333334,0.8,12.066666666666666,32.61222222222222,23.333333333333332,30.133333333333333,14,38,1
2016-09-25,Jaguars,Ravens,20.066666666666666,4.266666666666667,12.866666666666667,0.7333333333333333,1.2,23.533333333333335,39.333333333333336,269.93333333333334,21.133333333333333,87.6,357.53333333333336,3.2666666666666666,22.0,0.6666666666666666,1.2,1.8666666666666667,7.266666666666667,54.666666666666664,1.9333333333333333,3.466666666666667,0.4666666666666667,12.066666666666666,28.067777777777778,22.4,6.333333333333333,13.866666666666667,0.4,0.7333333333333333,23.066666666666666,36.266666666666666,256.6,29.4,112.13333333333334,368.73333333333335,2.2666666666666666,13.733333333333333,0.6666666666666666,0.5333333333333333,1.2,6.8,58.13333333333333,2.066666666666667,3.533333333333333,0.8,12.2,32.62555555555556,23.133333333333333,29.266666666666666,19,17,0
2016-10-02,Jaguars,Colts,19.6,4.2,12.733333333333333,0.7333333333333333,1.2,23.266666666666666,38.53333333333333,261.8666666666667,20.666666666666668,81.33333333333333,343.2,3.466666666666667,23.133333333333333,0.6666666666666666,1.4,2.066666666666667,6.866666666666666,53.53333333333333,2.0,3.4,0.4666666666666667,12.066666666666666,27.583333333333332,22.133333333333333,6.066666666666666,13.733333333333333,0.4666666666666667,0.8,23.0,35.8,252.13333333333333,29.266666666666666,113.73333333333333,365.8666666666667,2.2,13.666666666666666,0.6,0.6666666666666666,1.2666666666666666,7.066666666666666,59.0,2.066666666666667,3.4,0.8,12.133333333333333,32.416666666666664,23.533333333333335,29.333333333333332,27,30,1
2016-10-16,Jaguars,Bears,19.733333333333334,4.266666666666667,12.933333333333334,0.7333333333333333,1.2,23.0,38.53333333333333,256.8666666666667,21.466666666666665,86.73333333333333,343.6,3.2666666666666666,21.733333333333334,0.6,1.3333333333333333,1.9333333333333333,7.4,62.4,1.8666666666666667,3.2666666666666666,0.4666666666666667,12.066666666666666,27.718888888888888,22.333333333333332,6.333333333333333,14.133333333333333,0.4666666666666667,0.9333333333333333,23.933333333333334,37.333333333333336,252.4,28.266666666666666,107.8,360.2,2.466666666666667,15.066666666666666,0.6,0.7333333333333333,1.3333333333333333,6.866666666666666,59.4,2.0,3.2,0.6666666666666666,12.133333333333333,32.281111111111116,23.266666666666666,28.8,17,16,0
2016-10-23,Jaguars,Raiders,19.333333333333332,4.066666666666666,12.6,0.6,1.0666666666666667,22.333333333333332,37.2,253.66666666666666,21.4,84.8,338.46666666666664,3.2,20.933333333333334,0.6666666666666666,1.2,1.8666666666666667,7.266666666666667,61.46666666666667,1.8,3.2666666666666666,0.4666666666666667,12.133333333333333,27.335555555555555,22.2,6.333333333333333,14.333333333333334,0.4,0.8666666666666667,24.333333333333332,38.2,253.06666666666666,28.0,107.6,360.6666666666667,2.466666666666667,15.0,0.6,0.7333333333333333,1.3333333333333333,6.866666666666666,60.6,1.9333333333333333,3.3333333333333335,0.5333333333333333,12.133333333333333,32.66444444444444,22.333333333333332,28.533333333333335,33,16,0
2016-10-27,Jaguars,Titans,19.466666666666665,4.0,12.533333333333333,0.6,1.0,23.0,38.13333333333333,257.93333333333334,20.333333333333332,83.8,341.73333333333335,3.1333333333333333,20.933333333333334,0.7333333333333333,1.2666666666666666,2.0,7.466666666666667,64.53333333333333,1.8,3.4,0.2,12.066666666666666,27.196666666666665,21.866666666666667,6.666666666666667,14.733333333333333,0.4666666666666667,0.8666666666666667,24.266666666666666,37.86666666666667,249.06666666666666,28.4,109.53333333333333,358.6,2.2,12.466666666666667,0.4666666666666667,0.6,1.0666666666666667,6.933333333333334,62.6,2.066666666666667,3.466666666666667,0.4,12.133333333333333,32.803333333333335,22.466666666666665,27.333333333333332,22,36,1
2016-11-06,Jaguars,Chiefs,20.0,3.933333333333333,12.333333333333334,0.6,1.0666666666666667,23.6,39.06666666666667,256.8666666666667,19.8,80.46666666666667,337.3333333333333,2.8666666666666667,19.066666666666666,0.6666666666666666,1.1333333333333333,1.8,7.666666666666667,67.53333333333333,2.0,3.533333333333333,0.2,11.866666666666667,26.951111111111114,22.6,6.933333333333334,14.733333333333333,0.4,0.8,24.133333333333333,37.13333333333333,250.33333333333334,29.4,121.86666666666666,372.2,2.066666666666667,11.733333333333333,0.4666666666666667,0.6,1.0666666666666667,7.0,63.46666666666667,2.066666666666667,3.6666666666666665,0.4,11.933333333333334,33.04888888888889,22.4,27.866666666666667,14,19,1
2016-11-13,Jaguars,Texans,20.2,4.0,12.133333333333333,0.6,1.2,23.6,38.8,261.93333333333334,20.466666666666665,88.13333333333334,350.06666666666666,2.8,18.266666666666666,0.8666666666666667,1.1333333333333333,2.0,7.733333333333333,68.6,2.0,3.466666666666667,0.2,11.733333333333333,26.892222222222223,21.8,6.466666666666667,14.733333333333333,0.4666666666666667,0.8,23.2,36.333333333333336,241.06666666666666,29.466666666666665,120.06666666666666,361.1333333333333,2.1333333333333333,12.4,0.3333333333333333,0.4666666666666667,0.8,6.933333333333334,60.4,1.9333333333333333,3.7333333333333334,0.4,12.0,33.10777777777778,21.866666666666667,27.8,24,21,0
2016-11-20,Jaguars,Lions,20.533333333333335,4.4,12.4,0.6,1.2666666666666666,24.333333333333332,40.0,263.8666666666667,20.4,87.46666666666667,351.3333333333333,2.6666666666666665,17.866666666666667,0.8666666666666667,1.1333333333333333,2.0,7.466666666666667,66.0,2.066666666666667,3.2666666666666666,0.2,11.666666666666666,27.142222222222223,21.4,6.6,14.866666666666667,0.4666666666666667,0.8666666666666667,22.666666666666668,35.8,233.06666666666666,29.933333333333334,125.2,358.26666666666665,1.9333333333333333,11.6,0.26666666666666666,0.4666666666666667,0.7333333333333333,6.8,62.4,2.066666666666667,3.8666666666666667,0.5333333333333333,11.866666666666667,32.85777777777778,22.6,27.933333333333334,19,26,1
2016-11-27,Jaguars,Bills,20.266666666666666,4.333333333333333,12.333333333333334,0.4666666666666667,1.0666666666666667,23.8,39.06666666666667,256.1333333333333,20.933333333333334,86.2,342.3333333333333,2.533333333333333,17.133333333333333,0.9333333333333333,1.2,2.1333333333333333,7.333333333333333,65.33333333333333,2.1333333333333333,3.2,0.2,11.8,27.43,20.733333333333334,6.533333333333333,14.866666666666667,0.4,0.8,22.333333333333332,35.13333333333333,231.26666666666668,29.6,120.86666666666666,352.1333333333333,2.0,11.933333333333334,0.4,0.4666666666666667,0.8666666666666667,6.6,59.86666666666667,1.8666666666666667,3.6666666666666665,0.7333333333333333,11.8,32.57,21.8,28.0,21,28,1
2016-12-04,Jaguars,Broncos,20.266666666666666,4.2,12.4,0.4666666666666667,1.0666666666666667,23.066666666666666,38.4,243.86666666666667,22.0,93.0,336.8666666666667,2.533333333333333,16.333333333333332,0.8666666666666667,1.2,2.066666666666667,7.333333333333333,67.93333333333334,1.8666666666666667,2.933333333333333,0.2,11.733333333333333,27.90666666666667,20.0,6.333333333333333,14.8,0.4666666666666667,0.8666666666666667,21.8,34.4,224.2,29.2,117.06666666666666,341.26666666666665,2.066666666666667,12.2,0.3333333333333333,0.4,0.7333333333333333,6.733333333333333,59.4,1.8666666666666667,3.6,0.6,11.8,32.093333333333334,20.6,27.066666666666666,20,10,0
2016-12-11,Jaguars,Vikings,19.933333333333334,4.466666666666667,13.0,0.4666666666666667,1.1333333333333333,23.266666666666666,39.2,240.73333333333332,22.6,93.0,333.73333333333335,2.4,14.866666666666667,0.8,1.3333333333333333,2.1333333333333333,7.4,69.6,1.6,2.6666666666666665,0.0,11.933333333333334,28.264444444444447,19.533333333333335,6.133333333333334,14.6,0.4,0.7333333333333333,21.266666666666666,33.13333333333333,215.86666666666667,29.533333333333335,117.66666666666667,333.53333333333336,2.0,10.133333333333333,0.26666666666666666,0.3333333333333333,0.6,6.466666666666667,55.86666666666667,1.9333333333333333,3.533333333333333,0.6,11.733333333333333,31.735555555555557,20.866666666666667,24.333333333333332,25,16,0
2016-12-18,Jaguars,Texans,19.733333333333334,4.933333333333334,13.533333333333333,0.5333333333333333,1.1333333333333333,23.266666666666666,39.13333333333333,237.06666666666666,22.866666666666667,93.0,330.06666666666666,2.533333333333333,15.866666666666667,0.8,1.2666666666666666,2.066666666666667,8.0,73.06666666666666,1.5333333333333334,2.6,0.0,11.866666666666667,28.49222222222222,19.533333333333335,5.866666666666666,14.4,0.4,0.8,21.4,33.06666666666667,219.0,29.266666666666666,117.8,336.8,1.9333333333333333,10.066666666666666,0.3333333333333333,0.26666666666666666,0.6,6.6,59.2,1.9333333333333333,3.533333333333333,0.6,11.666666666666666,31.50777777777778,21.0,24.266666666666666,20,21,1
2016-12-24,Jaguars,Titans,18.933333333333334,4.733333333333333,13.8,0.5333333333333333,1.2,22.266666666666666,38.666666666666664,219.46666666666667,23.2,93.13333333333334,312.6,2.533333333333333,15.066666666666666,0.8,1.2,2.0,8.266666666666667,75.46666666666667,1.4666666666666666,2.6,0.06666666666666667,12.066666666666666,28.57111111111111,19.133333333333333,5.6,14.466666666666667,0.3333333333333333,0.8,21.666666666666668,33.8,212.73333333333332,29.0,114.06666666666666,326.8,1.8666666666666667,9.4,0.3333333333333333,0.4,0.7333333333333333,6.666666666666667,61.266666666666666,1.8,3.4,0.6,11.933333333333334,31.42888888888889,20.533333333333335,23.133333333333333,17,38,1
2017-01-01,Jaguars,Colts,19.866666666666667,4.933333333333334,13.8,0.4666666666666667,1.0666666666666667,22.933333333333334,39.13333333333333,229.33333333333334,24.133333333333333,96.6,325.93333333333334,2.1333333333333333,12.266666666666667,0.7333333333333333,1.0666666666666667,1.8,8.066666666666666,74.93333333333334,1.5333333333333334,2.533333333333333,0.2,11.933333333333334,29.113333333333333,18.733333333333334,5.4,14.266666666666667,0.3333333333333333,0.8,21.4,34.0,210.26666666666668,28.266666666666666,107.26666666666667,317.53333333333336,1.9333333333333333,10.133333333333333,0.3333333333333333,0.4,0.7333333333333333,6.466666666666667,60.86666666666667,1.8,3.4,0.4666666666666667,12.0,30.886666666666667,21.266666666666666,23.666666666666668,20,24,1
2017-09-10,Jaguars,Texans,20.066666666666666,4.933333333333334,13.733333333333333,0.26666666666666666,0.8,23.0,39.13333333333333,228.53333333333333,24.4,105.53333333333333,334.06666666666666,2.066666666666667,11.8,0.8666666666666667,1.0,1.8666666666666667,8.0,73.26666666666667,1.5333333333333334,2.466666666666667,0.2,12.133333333333333,28.994444444444447,19.133333333333333,5.066666666666666,14.0,0.3333333333333333,0.8,21.666666666666668,34.46666666666667,216.33333333333334,28.066666666666666,107.2,323.53333333333336,2.1333333333333333,12.2,0.4,0.4666666666666667,0.8666666666666667,6.4,61.6,1.8666666666666667,3.4,0.4666666666666667,12.2,31.005555555555553,20.8,23.733333333333334,29,7,0
2017-09-17,Jaguars,Titans,20.0,5.0,13.8,0.26666666666666666,0.7333333333333333,21.666666666666668,37.2,215.6,26.266666666666666,111.26666666666667,326.8666666666667,1.9333333333333333,11.133333333333333,0.8,0.8666666666666667,1.6666666666666667,7.733333333333333,73.0,1.5333333333333334,2.533333333333333,0.3333333333333333,12.066666666666666,29.324444444444445,19.0,4.933333333333334,13.933333333333334,0.3333333333333333,0.8666666666666667,21.8,35.2,209.86666666666667,27.266666666666666,103.4,313.26666666666665,2.6,14.933333333333334,0.5333333333333333,0.5333333333333333,1.0666666666666667,6.8,66.33333333333333,1.7333333333333334,3.2,0.4666666666666667,12.2,30.675555555555558,21.8,21.666666666666668,37,16,0
2017-09-24,Jaguars,Ravens,20.4,5.0,13.6,0.26666666666666666,0.7333333333333333,21.4,36.93333333333333,218.46666666666667,26.533333333333335,114.66666666666667,333.1333333333333,1.8,10.2,0.8666666666666667,0.8,1.6666666666666667,7.933333333333334,74.6,1.5333333333333334,2.533333333333333,0.3333333333333333,11.933333333333334,29.34666666666667,19.2,5.133333333333334,13.933333333333334,0.26666666666666666,0.8,20.866666666666667,34.333333333333336,210.66666666666666,28.2,109.73333333333333,320.4,2.533333333333333,14.2,0.4666666666666667,0.4666666666666667,0.9333333333333333,6.733333333333333,67.13333333333334,1.8666666666666667,3.3333333333333335,0.4666666666666667,12.133333333333333,30.653333333333332,23.0,21.6,7,44,1
2017-10-01,Jaguars,Jets,20.466666666666665,5.0,13.666666666666666,0.3333333333333333,0.8,21.466666666666665,36.93333333333333,221.73333333333332,26.933333333333334,116.66666666666667,338.4,1.6,9.4,0.8666666666666667,0.8,1.6666666666666667,7.8,69.6,1.6666666666666667,2.7333333333333334,0.3333333333333333,12.066666666666666,29.793333333333333,18.466666666666665,4.733333333333333,13.533333333333333,0.26666666666666666,0.7333333333333333,20.0,33.333333333333336,201.46666666666667,28.2,112.4,313.8666666666667,2.2666666666666666,12.066666666666666,0.5333333333333333,0.5333333333333333,1.0666666666666667,6.933333333333334,67.8,1.8,3.2666666666666666,0.4666666666666667,12.2,30.206666666666663,21.666666666666668,22.533333333333335,20,23,1
2017-10-08,Jaguars,Steelers,20.466666666666665,5.133333333333334,14.0,0.3333333333333333,0.8,21.133333333333333,37.06666666666667,213.26666666666668,28.2,124.73333333333333,338.0,1.5333333333333334,9.133333333333333,0.8,0.8,1.6,7.866666666666666,69.4,1.6666666666666667,2.7333333333333334,0.4666666666666667,12.2,30.52111111111111,18.2,4.666666666666667,13.533333333333333,0.3333333333333333,0.7333333333333333,19.533333333333335,32.2,196.0,28.533333333333335,123.33333333333333,319.3333333333333,2.533333333333333,14.4,0.6,0.6,1.2,6.933333333333334,66.66666666666667,1.7333333333333334,3.1333333333333333,0.4666666666666667,12.466666666666667,30.114444444444448,21.866666666666667,23.0,30,9,0
2017-10-15,Jaguars,Rams,20.2,5.266666666666667,13.933333333333334,0.3333333333333333,0.8,20.133333333333333,35.13333333333333,202.8,29.6,133.13333333333333,335.93333333333334,1.6,9.533333333333333,0.7333333333333333,0.7333333333333333,1.4666666666666666,7.266666666666667,63.2,1.6666666666666667,2.533333333333333,0.6,12.066666666666666,30.675555555555555,18.2,4.6,13.333333333333334,0.26666666666666666,0.6666666666666666,20.2,33.4,202.73333333333332,27.6,118.4,321.1333333333333,2.6666666666666665,15.133333333333333,0.6,0.9333333333333333,1.5333333333333334,6.533333333333333,61.333333333333336,1.5333333333333334,3.0,0.4666666666666667,12.4,29.96,21.666666666666668,22.533333333333335,27,17,0
2017-10-22,Jaguars,Colts,19.666666666666668,5.133333333333334,14.066666666666666,0.4,0.8,19.466666666666665,33.86666666666667,196.0,30.6,141.2,337.2,1.8,9.933333333333334,0.6666666666666666,0.8,1.4666666666666666,7.133333333333334,60.86666666666667,1.4666666666666666,2.3333333333333335,0.6,12.333333333333334,31.10222222222222,17.333333333333332,4.266666666666667,13.2,0.26666666666666666,0.6666666666666666,19.666666666666668,33.266666666666666,191.2,26.866666666666667,113.6,304.8,2.8666666666666667,16.266666666666666,0.6666666666666666,0.9333333333333333,1.6,6.533333333333333,62.4,1.4,2.7333333333333334,0.6,12.466666666666667,29.533333333333335,22.0,21.266666666666666,27,0,0
2017-11-05,Jaguars,Bengals,19.533333333333335,5.333333333333333,14.133333333333333,0.4,0.7333333333333333,19.2,32.93333333333333,201.73333333333332,30.933333333333334,140.06666666666666,341.8,1.7333333333333334,9.4,0.6,0.7333333333333333,1.3333333333333333,7.066666666666666,60.06666666666667,1.4666666666666666,2.3333333333333335,0.6,12.266666666666667,31.311111111111114,17.666666666666668,4.533333333333333,13.266666666666667,0.2,0.8,19.8,33.53333333333333,189.0,26.733333333333334,115.86666666666666,304.8666666666667,3.4,19.333333333333332,0.6666666666666666,0.9333333333333333,1.6,6.333333333333333,61.06666666666667,1.4,2.6,0.6,12.266666666666667,29.324444444444442,22.866666666666667,20.0,7,23,1
2017-11-12,Jaguars,Chargers,19.733333333333334,5.466666666666667,14.2,0.4,0.7333333333333333,18.666666666666668,32.2,202.53333333333333,32.13333333333333,144.66666666666666,347.2,1.6,8.2,0.6,0.6666666666666666,1.2666666666666666,7.133333333333334,60.13333333333333,1.4,2.466666666666667,0.6666666666666666,12.133333333333333,31.84888888888889,17.133333333333333,4.133333333333334,12.8,0.2,0.7333333333333333,19.533333333333335,32.93333333333333,190.8,25.666666666666668,105.73333333333333,296.53333333333336,3.466666666666667,20.0,0.6666666666666666,0.9333333333333333,1.6,6.6,60.266666666666666,1.3333333333333333,2.533333333333333,0.4666666666666667,12.266666666666667,28.78666666666667,21.733333333333334,20.133333333333333,17,20,1
2017-11-19,Jaguars,Browns,20.0,5.533333333333333,14.466666666666667,0.4666666666666667,0.8666666666666667,19.066666666666666,33.266666666666666,206.6,32.13333333333333,148.13333333333333,354.73333333333335,1.8,8.866666666666667,0.5333333333333333,0.6666666666666666,1.2,7.466666666666667,65.53333333333333,1.3333333333333333,2.466666666666667,0.6666666666666666,12.333333333333334,31.98888888888889,17.266666666666666,4.0,12.866666666666667,0.2,0.7333333333333333,19.333333333333332,33.2,188.93333333333334,26.266666666666666,110.6,299.53333333333336,3.2666666666666666,19.0,0.6,1.0,1.6,6.733333333333333,63.266666666666666,1.2666666666666666,2.4,0.26666666666666666,12.6,29.1,21.6,19.733333333333334,19,7,0
2017-11-26,Jaguars,Cardinals,19.666666666666668,5.4,14.8,0.5333333333333333,0.8666666666666667,19.333333333333332,33.53333333333333,208.4,32.6,145.2,353.6,1.8,8.933333333333334,0.6,0.6666666666666666,1.2666666666666666,7.466666666666667,64.2,1.2666666666666666,2.4,0.8,12.6,32.21111111111111,17.0,3.8666666666666667,12.933333333333334,0.13333333333333333,0.7333333333333333,19.6,34.13333333333333,187.8,25.533333333333335,103.73333333333333,291.53333333333336,3.2666666666666666,21.0,0.8,1.1333333333333333,1.9333333333333333,6.333333333333333,61.2,1.0666666666666667,2.2,0.26666666666666666,12.866666666666667,28.87777777777778,21.466666666666665,18.333333333333332,24,27,1
2017-12-03,Jaguars,Colts,19.666666666666668,5.066666666666666,14.4,0.5333333333333333,0.8,19.333333333333332,32.93333333333333,205.0,31.533333333333335,141.0,346.0,1.9333333333333333,10.933333333333334,0.6666666666666666,0.6,1.2666666666666666,7.4,62.86666666666667,1.4,2.533333333333333,0.9333333333333333,12.466666666666667,31.596666666666668,17.666666666666668,4.266666666666667,13.2,0.13333333333333333,0.7333333333333333,20.266666666666666,35.06666666666667,196.73333333333332,25.733333333333334,104.0,300.73333333333335,3.2,21.2,0.8666666666666667,1.2,2.066666666666667,6.733333333333333,65.6,1.0,2.1333333333333333,0.13333333333333333,12.933333333333334,29.49222222222222,21.733333333333334,19.466666666666665,10,30,1
2017-12-10,Jaguars,Seahawks,19.933333333333334,5.2,14.333333333333334,0.5333333333333333,0.8,19.6,32.86666666666667,211.66666666666666,31.733333333333334,141.73333333333332,353.4,1.7333333333333334,9.666666666666666,0.6666666666666666,0.6,1.2666666666666666,6.866666666666666,58.93333333333333,1.5333333333333334,2.7333333333333334,0.9333333333333333,12.4,31.923333333333336,17.333333333333332,4.4,13.466666666666667,0.4,0.9333333333333333,20.066666666666666,35.2,187.2,25.533333333333335,107.73333333333333,294.93333333333334,3.466666666666667,22.866666666666667,0.8,1.3333333333333333,2.1333333333333333,6.533333333333333,61.46666666666667,0.8666666666666667,1.9333333333333333,0.13333333333333333,12.8,29.165555555555553,20.733333333333334,20.4,24,30,1
2017-12-17,Jaguars,Texans,20.666666666666668,5.266666666666667,14.266666666666667,0.5333333333333333,0.7333333333333333,20.0,32.8,224.0,33.0,147.66666666666666,371.6666666666667,1.6,9.066666666666666,0.7333333333333333,0.5333333333333333,1.2666666666666666,6.533333333333333,56.06666666666667,1.6,2.8666666666666667,0.8666666666666667,12.4,32.57111111111111,16.933333333333334,4.266666666666667,13.133333333333333,0.4,0.9333333333333333,19.266666666666666,34.13333333333333,184.0,25.066666666666666,111.86666666666666,295.8666666666667,3.6,23.6,0.8,1.4,2.2,6.533333333333333,61.6,0.8,1.8,0.13333333333333333,12.733333333333333,28.517777777777777,21.0,21.0,7,45,1
2017-12-24,Jaguars,49ers,20.666666666666668,5.2,14.133333333333333,0.5333333333333333,0.7333333333333333,19.6,32.13333333333333,223.66666666666666,33.666666666666664,151.26666666666668,374.93333333333334,1.5333333333333334,8.133333333333333,0.6666666666666666,0.5333333333333333,1.2,6.8,56.666666666666664,1.9333333333333333,3.1333333333333333,0.7333333333333333,12.533333333333333,32.623333333333335,16.266666666666666,4.2,13.266666666666667,0.4,0.8666666666666667,18.666666666666668,33.266666666666666,176.93333333333334,25.133333333333333,113.8,290.73333333333335,3.6666666666666665,24.333333333333332,0.8,1.4,2.2,7.066666666666666,66.8,0.6666666666666666,1.6,0.13333333333333333,12.8,28.465555555555554,20.333333333333332,21.466666666666665,33,44,1
2017-12-31,Jaguars,Titans,21.266666666666666,5.266666666666667,14.066666666666666,0.6666666666666666,0.8666666666666667,20.066666666666666,32.86666666666667,229.8,33.53333333333333,145.26666666666668,375.06666666666666,1.4666666666666666,7.4,0.5333333333333333,0.7333333333333333,1.2666666666666666,7.066666666666666,59.666666666666664,2.1333333333333333,3.2666666666666666,0.7333333333333333,12.533333333333333,32.70444444444444,16.4,4.733333333333333,13.6,0.3333333333333333,0.8,18.466666666666665,32.53333333333333,173.46666666666667,26.0,116.26666666666667,289.73333333333335,3.466666666666667,22.533333333333335,0.7333333333333333,1.4,2.1333333333333333,7.333333333333333,69.0,0.7333333333333333,1.7333333333333334,0.2,12.666666666666666,28.384444444444444,21.2,22.8,10,15,1
2018-09-09,Jaguars,Giants,20.866666666666667,5.466666666666667,14.333333333333334,0.6,0.8,20.333333333333332,33.733333333333334,231.2,32.53333333333333,140.46666666666667,371.6666666666667,1.6,8.2,0.6666666666666666,0.8666666666666667,1.5333333333333334,6.8,56.46666666666667,2.0,3.066666666666667,0.7333333333333333,12.6,32.468888888888884,15.6,4.6,13.866666666666667,0.4,0.8,18.0,31.533333333333335,173.86666666666667,27.066666666666666,117.8,291.6666666666667,3.0,20.133333333333333,0.6,1.3333333333333333,1.9333333333333333,6.866666666666666,63.733333333333334,0.6666666666666666,1.7333333333333334,0.2,12.866666666666667,28.62,19.933333333333334,23.333333333333332,20,15,0
2018-09-16,Jaguars,Patriots,20.666666666666668,5.333333333333333,14.333333333333334,0.6,0.8,20.2,33.666666666666664,228.33333333333334,32.733333333333334,143.0,371.3333333333333,1.5333333333333334,7.933333333333334,0.6,0.8,1.4,6.866666666666666,57.8,1.9333333333333333,3.066666666666667,0.8666666666666667,12.733333333333333,32.48777777777778,15.2,4.466666666666667,13.866666666666667,0.4,0.9333333333333333,18.533333333333335,32.2,173.8,26.2,113.46666666666667,287.26666666666665,3.066666666666667,20.8,0.6666666666666666,1.3333333333333333,2.0,6.8,61.93333333333333,0.4666666666666667,1.6,0.2,12.866666666666667,28.60111111111111,18.8,23.266666666666666,20,31,1
2018-09-23,Jaguars,Titans,20.866666666666667,5.8,14.466666666666667,0.4666666666666667,0.6666666666666666,20.8,34.46666666666667,237.13333333333333,32.0,138.86666666666667,376.0,1.5333333333333334,7.933333333333334,0.6666666666666666,0.8666666666666667,1.5333333333333334,6.733333333333333,57.86666666666667,1.8,2.8666666666666667,0.8666666666666667,12.6,32.26888888888889,15.6,4.533333333333333,13.933333333333334,0.4,0.8666666666666667,19.2,32.733333333333334,185.0,26.133333333333333,110.0,295.0,3.066666666666667,20.933333333333334,0.6666666666666666,1.2,1.8666666666666667,6.266666666666667,57.733333333333334,0.4666666666666667,1.6666666666666667,0.2,12.8,28.82,19.666666666666668,22.4,9,6,0
2018-09-30,Jaguars,Jets,20.333333333333332,5.866666666666666,14.4,0.4666666666666667,0.7333333333333333,21.2,34.4,237.73333333333332,30.666666666666668,133.0,370.73333333333335,1.6666666666666667,8.333333333333334,0.7333333333333333,0.8,1.5333333333333334,6.866666666666666,59.733333333333334,1.7333333333333334,2.6666666666666665,0.7333333333333333,12.333333333333334,31.741111111111106,15.4,4.466666666666667,13.8,0.3333333333333333,0.8,18.533333333333335,32.0,176.2,26.333333333333332,102.93333333333334,279.1333333333333,2.933333333333333,19.933333333333334,0.6,1.1333333333333333,1.7333333333333334,5.866666666666666,55.06666666666667,0.4666666666666667,1.6666666666666667,0.2,12.466666666666667,28.712222222222223,18.933333333333334,21.266666666666666,12,31,1
2018-10-07,Jaguars,Chiefs,20.866666666666667,5.866666666666666,14.6,0.5333333333333333,0.8,22.6,36.0,257.4,30.466666666666665,126.0,383.4,1.6666666666666667,8.2,0.8666666666666667,0.8,1.6666666666666667,7.2,64.4,1.7333333333333334,2.8,0.6,12.533333333333333,32.32222222222222,14.666666666666666,4.2,13.666666666666666,0.3333333333333333,0.8666666666666667,17.466666666666665,30.6,165.73333333333332,25.933333333333334,100.53333333333333,266.26666666666665,3.0,20.733333333333334,0.6,0.8,1.4,5.933333333333334,55.46666666666667,0.5333333333333333,1.6,0.2,12.6,28.13111111111111,17.733333333333334,22.733333333333334,14,30,1
2018-10-14,Jaguars,Cowboys,21.533333333333335,6.066666666666666,14.666666666666666,0.6666666666666666,1.0666666666666667,23.266666666666666,37.733333333333334,269.46666666666664,29.866666666666667,121.46666666666667,390.93333333333334,1.6666666666666667,8.733333333333333,0.9333333333333333,1.0,1.9333333333333333,7.2,64.73333333333333,1.8,3.066666666666667,0.6,12.4,32.00888888888889,15.6,4.2,13.6,0.3333333333333333,0.8666666666666667,18.2,31.733333333333334,178.46666666666667,25.8,99.46666666666667,277.93333333333334,2.8666666666666667,20.6,0.5333333333333333,0.9333333333333333,1.4666666666666666,6.2,57.8,0.6,1.7333333333333334,0.2,12.466666666666667,28.444444444444446,16.866666666666667,23.6,7,40,1
2018-10-21,Jaguars,Texans,20.666666666666668,5.8,14.466666666666667,0.6666666666666666,1.0666666666666667,23.066666666666666,37.666666666666664,256.73333333333335,28.6,113.26666666666667,370.0,1.8,9.4,0.8666666666666667,1.0666666666666667,1.9333333333333333,7.2,64.46666666666667,1.6666666666666667,2.8666666666666667,0.6,12.466666666666667,31.234444444444442,16.133333333333333,4.333333333333333,13.733333333333333,0.4666666666666667,0.8,17.866666666666667,31.066666666666666,180.86666666666667,27.266666666666666,106.8,287.6666666666667,2.4,17.066666666666666,0.5333333333333333,0.9333333333333333,1.4666666666666666,6.066666666666666,55.8,0.8666666666666667,2.0,0.2,12.466666666666667,29.21888888888889,15.533333333333333,26.266666666666666,20,7,0
2018-10-28,Jaguars,Eagles,19.933333333333334,5.6,14.533333333333333,0.6666666666666666,1.0666666666666667,23.266666666666666,37.93333333333333,252.06666666666666,27.4,108.0,360.06666666666666,2.066666666666667,11.266666666666667,0.9333333333333333,1.1333333333333333,2.066666666666667,7.0,62.13333333333333,1.6666666666666667,2.6666666666666665,0.5333333333333333,12.666666666666666,30.58,16.6,4.8,14.266666666666667,0.4666666666666667,0.8,18.0,31.466666666666665,181.66666666666666,28.6,114.26666666666667,295.93333333333334,2.3333333333333335,16.466666666666665,0.5333333333333333,0.9333333333333333,1.4666666666666666,5.933333333333334,53.0,0.9333333333333333,2.1333333333333333,0.2,12.6,29.87333333333333,16.4,25.2,24,18,0
2018-11-11,Jaguars,Colts,19.666666666666668,5.666666666666667,14.266666666666667,0.6666666666666666,1.0666666666666667,23.0,37.266666666666666,252.2,26.733333333333334,103.66666666666667,355.8666666666667,2.1333333333333333,12.0,1.0,1.0,2.0,6.733333333333333,58.06666666666667,1.6666666666666667,2.6666666666666665,0.5333333333333333,12.2,30.069999999999997,17.0,5.066666666666666,14.066666666666666,0.4666666666666667,0.8,18.0,31.0,183.46666666666667,28.466666666666665,117.33333333333333,300.8,2.6,18.066666666666666,0.5333333333333333,0.9333333333333333,1.4666666666666666,5.733333333333333,50.266666666666666,1.0,2.2666666666666666,0.2,12.2,29.930000000000003,16.866666666666667,25.066666666666666,26,29,1
2018-11-18,Jaguars,Steelers,20.266666666666666,5.866666666666666,14.066666666666666,0.6666666666666666,1.0666666666666667,23.666666666666668,37.86666666666667,264.1333333333333,26.066666666666666,100.46666666666667,364.6,2.0,11.4,1.0,1.0,2.0,6.866666666666666,59.46666666666667,1.7333333333333334,2.8,0.4,11.866666666666667,29.953333333333333,17.4,5.266666666666667,13.933333333333334,0.4666666666666667,0.7333333333333333,18.333333333333332,30.8,193.53333333333333,28.8,119.4,312.93333333333334,2.2666666666666666,15.066666666666666,0.3333333333333333,0.8666666666666667,1.2,6.2,53.266666666666666,1.2,2.466666666666667,0.2,11.933333333333334,30.046666666666667,17.333333333333332,26.533333333333335,20,16,0
2018-11-25,Jaguars,Bills,20.0,6.2,14.466666666666667,0.6,1.0,23.066666666666666,36.86666666666667,259.8666666666667,27.466666666666665,106.33333333333333,366.2,2.2,11.933333333333334,0.9333333333333333,0.9333333333333333,1.8666666666666667,7.266666666666667,63.86666666666667,1.6666666666666667,2.7333333333333334,0.26666666666666666,11.866666666666667,30.774444444444445,17.333333333333332,5.0,13.533333333333333,0.4666666666666667,0.8666666666666667,18.666666666666668,31.4,197.6,27.466666666666665,113.93333333333334,311.53333333333336,2.3333333333333335,15.866666666666667,0.26666666666666666,1.0,1.2666666666666666,5.733333333333333,47.733333333333334,1.3333333333333333,2.6,0.2,11.866666666666667,29.225555555555555,17.066666666666666,25.8,21,24,1
2018-12-02,Jaguars,Colts,20.2,5.933333333333334,14.333333333333334,0.5333333333333333,0.9333333333333333,22.066666666666666,36.0,245.0,28.266666666666666,115.0,360.0,2.3333333333333335,12.733333333333333,0.9333333333333333,1.0666666666666667,2.0,7.533333333333333,66.2,1.6666666666666667,2.6666666666666665,0.26666666666666666,12.066666666666666,30.702222222222225,17.4,4.8,13.2,0.2,0.6,17.8,30.266666666666666,198.33333333333334,28.066666666666666,115.66666666666667,314.0,2.066666666666667,14.2,0.26666666666666666,0.8666666666666667,1.1333333333333333,6.333333333333333,51.0,1.4666666666666666,2.6666666666666665,0.2,12.133333333333333,29.297777777777778,17.8,25.4,0,6,1
2018-12-06,Jaguars,Titans,19.6,6.066666666666666,14.533333333333333,0.5333333333333333,0.9333333333333333,22.066666666666666,35.8,235.93333333333334,27.466666666666665,109.86666666666666,345.8,2.533333333333333,13.933333333333334,0.9333333333333333,1.0666666666666667,2.0,7.6,67.93333333333334,1.5333333333333334,2.533333333333333,0.26666666666666666,11.866666666666667,30.47111111111111,17.533333333333335,5.0,13.8,0.2,0.7333333333333333,18.866666666666667,31.666666666666668,195.93333333333334,27.533333333333335,109.0,304.93333333333334,2.1333333333333333,15.066666666666666,0.3333333333333333,0.7333333333333333,1.0666666666666667,6.333333333333333,50.46666666666667,1.4666666666666666,2.7333333333333334,0.2,12.0,29.52888888888889,16.2,23.8,9,30,1
2018-12-16,Jaguars,Commanders,19.066666666666666,6.0,14.666666666666666,0.6666666666666666,1.2666666666666666,22.333333333333332,36.733333333333334,227.2,26.266666666666666,104.66666666666667,331.8666666666667,2.7333333333333334,16.933333333333334,1.0,1.0666666666666667,2.066666666666667,7.533333333333333,68.8,1.2,2.2666666666666666,0.26666666666666666,11.666666666666666,30.295555555555552,18.333333333333332,5.2,13.466666666666667,0.2,0.8,19.266666666666666,31.2,200.13333333333333,28.266666666666666,120.8,320.93333333333334,1.9333333333333333,13.133333333333333,0.3333333333333333,0.7333333333333333,1.0666666666666667,5.6,44.0,1.6,3.066666666666667,0.2,11.733333333333333,29.704444444444444,16.333333333333332,22.8,16,13,0
2018-12-23,Jaguars,Dolphins,17.666666666666668,6.0,14.666666666666666,0.5333333333333333,1.1333333333333333,20.8,34.53333333333333,203.2,26.133333333333333,110.0,313.2,3.066666666666667,19.266666666666666,1.0666666666666667,0.9333333333333333,2.0,7.266666666666667,65.86666666666666,0.9333333333333333,2.066666666666667,0.3333333333333333,11.4,30.034444444444446,17.666666666666668,5.0,13.466666666666667,0.2,0.8,18.933333333333334,30.866666666666667,193.33333333333334,28.133333333333333,119.33333333333333,312.6666666666667,2.066666666666667,13.866666666666667,0.3333333333333333,0.6666666666666666,1.0,5.466666666666667,42.666666666666664,1.4,2.8666666666666667,0.13333333333333333,11.733333333333333,29.965555555555557,15.2,20.733333333333334,17,7,0
2018-12-30,Jaguars,Texans,18.066666666666666,6.0,14.466666666666667,0.5333333333333333,1.1333333333333333,20.933333333333334,33.86666666666667,201.33333333333334,26.666666666666668,112.86666666666666,314.2,3.3333333333333335,20.266666666666666,1.0,0.8,1.8,7.533333333333333,69.6,1.0,2.2,0.3333333333333333,11.266666666666667,30.581111111111113,17.666666666666668,4.933333333333334,13.0,0.13333333333333333,0.7333333333333333,19.133333333333333,30.933333333333334,193.66666666666666,26.733333333333334,115.73333333333333,309.4,2.066666666666667,14.333333333333334,0.3333333333333333,0.7333333333333333,1.0666666666666667,6.0,48.0,1.4666666666666666,2.8,0.13333333333333333,11.4,29.418888888888887,15.666666666666666,20.2,3,20,1
2019-09-08,Jaguars,Chiefs,17.333333333333332,5.933333333333334,14.466666666666667,0.5333333333333333,1.1333333333333333,20.733333333333334,33.53333333333333,196.06666666666666,25.866666666666667,105.73333333333333,301.8,3.466666666666667,20.933333333333334,1.0666666666666667,0.8,1.8666666666666667,7.333333333333333,66.2,0.9333333333333333,2.1333333333333333,0.2,11.2,30.272222222222222,18.2,5.066666666666666,13.266666666666667,0.2,0.6666666666666666,19.266666666666666,30.8,193.53333333333333,27.4,117.06666666666666,310.6,2.3333333333333335,15.133333333333333,0.3333333333333333,0.6666666666666666,1.0,5.733333333333333,46.13333333333333,1.6,3.0,0.13333333333333333,11.4,29.727777777777778,14.533333333333333,20.533333333333335,40,26,0
2019-09-15,Jaguars,Texans,16.733333333333334,5.6,14.2,0.5333333333333333,1.1333333333333333,20.6,32.733333333333334,194.13333333333333,25.333333333333332,104.2,298.3333333333333,3.533333333333333,21.133333333333333,1.0666666666666667,0.8,1.8666666666666667,7.533333333333333,66.2,0.8666666666666667,2.1333333333333333,0.2,11.133333333333333,30.137777777777778,18.6,5.133333333333334,13.133333333333333,0.2,0.6666666666666666,19.333333333333332,30.733333333333334,204.06666666666666,27.533333333333335,119.13333333333334,323.2,2.2,14.2,0.26666666666666666,0.6666666666666666,0.9333333333333333,5.933333333333334,48.13333333333333,1.6666666666666667,3.2666666666666666,0.13333333333333333,11.333333333333334,29.862222222222222,15.866666666666667,20.2,12,13,1
2019-09-19,Jaguars,Titans,17.0,5.466666666666667,14.133333333333333,0.6666666666666666,1.2,20.733333333333334,32.666666666666664,196.33333333333334,25.466666666666665,105.26666666666667,301.6,3.6,22.8,1.0666666666666667,0.8,1.8666666666666667,7.6,65.86666666666666,0.9333333333333333,2.2666666666666666,0.2,11.133333333333333,30.324444444444445,18.733333333333334,5.2,13.133333333333333,0.26666666666666666,0.7333333333333333,19.533333333333335,31.266666666666666,207.66666666666666,27.2,117.53333333333333,325.2,2.2666666666666666,14.0,0.26666666666666666,0.6666666666666666,0.9333333333333333,6.133333333333334,49.266666666666666,1.7333333333333334,3.2666666666666666,0.13333333333333333,11.4,29.675555555555555,16.066666666666666,20.666666666666668,7,20,1
2019-09-29,Jaguars,Broncos,16.266666666666666,5.2,13.866666666666667,0.6,1.2,20.133333333333333,32.13333333333333,184.8,24.533333333333335,102.73333333333333,287.53333333333336,3.466666666666667,22.066666666666666,0.9333333333333333,0.7333333333333333,1.6666666666666667,7.266666666666667,61.93333333333333,0.9333333333333333,2.2,0.2,11.066666666666666,29.467777777777776,19.466666666666665,5.533333333333333,13.4,0.26666666666666666,0.7333333333333333,19.933333333333334,31.666666666666668,214.66666666666666,28.0,121.33333333333333,336.0,2.6666666666666665,16.133333333333333,0.3333333333333333,0.6666666666666666,1.0,6.333333333333333,53.13333333333333,1.7333333333333334,3.2666666666666666,0.13333333333333333,11.2,30.532222222222224,15.733333333333333,19.933333333333334,26,24,0
2019-10-06,Jaguars,Panthers,16.0,5.0,13.733333333333333,0.4666666666666667,0.9333333333333333,19.2,30.266666666666666,170.46666666666667,25.933333333333334,113.93333333333334,284.4,3.466666666666667,21.933333333333334,0.8666666666666667,0.4666666666666667,1.3333333333333333,7.733333333333333,65.86666666666666,1.0,2.2666666666666666,0.2,11.066666666666666,30.262222222222224,19.0,5.533333333333333,13.333333333333334,0.26666666666666666,0.7333333333333333,19.933333333333334,31.666666666666668,215.0,27.066666666666666,117.46666666666667,332.46666666666664,2.6,15.133333333333333,0.3333333333333333,0.6,0.9333333333333333,5.933333333333334,49.333333333333336,1.7333333333333334,3.2,0.0,11.266666666666667,29.737777777777776,16.533333333333335,19.533333333333335,27,34,1
2019-10-13,Jaguars,Saints,17.2,5.133333333333334,13.866666666666667,0.4666666666666667,0.8666666666666667,19.933333333333334,31.466666666666665,185.06666666666666,26.8,119.53333333333333,304.6,3.4,22.333333333333332,1.0,0.4,1.4,8.066666666666666,69.46666666666667,1.1333333333333333,2.466666666666667,0.2,11.266666666666667,31.01111111111111,18.933333333333334,5.333333333333333,13.0,0.13333333333333333,0.6666666666666666,19.933333333333334,31.933333333333334,214.2,26.066666666666666,122.73333333333333,336.93333333333334,2.6,15.8,0.3333333333333333,0.6,0.9333333333333333,6.266666666666667,52.333333333333336,1.6,3.066666666666667,0.13333333333333333,11.333333333333334,28.988888888888887,17.866666666666667,19.133333333333333,13,6,0
2019-10-20,Jaguars,Bengals,16.933333333333334,4.8,13.533333333333333,0.4666666666666667,0.8666666666666667,19.066666666666666,30.6,182.53333333333333,26.933333333333334,119.86666666666666,302.4,3.2666666666666666,21.266666666666666,0.8666666666666667,0.4,1.2666666666666666,8.066666666666666,69.46666666666667,1.0666666666666667,2.533333333333333,0.2,11.2,30.77333333333333,19.133333333333333,5.133333333333334,12.8,0.13333333333333333,0.6666666666666666,20.733333333333334,32.733333333333334,220.26666666666668,25.333333333333332,120.26666666666667,340.53333333333336,2.7333333333333334,16.466666666666665,0.3333333333333333,0.6,0.9333333333333333,6.066666666666666,52.333333333333336,1.5333333333333334,3.066666666666667,0.13333333333333333,11.2,29.22666666666667,17.4,19.066666666666666,27,17,0
2019-10-27,Jaguars,Jets,17.333333333333332,4.666666666666667,13.666666666666666,0.4666666666666667,0.8666666666666667,18.466666666666665,30.0,181.13333333333333,28.733333333333334,129.6,310.73333333333335,3.1333333333333333,20.6,0.8,0.4,1.2,8.466666666666667,75.13333333333334,1.0666666666666667,2.7333333333333334,0.3333333333333333,11.4,31.501111111111115,19.066666666666666,5.0,12.8,0.13333333333333333,0.6666666666666666,20.8,33.6,220.0,24.8,113.6,333.6,2.6,16.066666666666666,0.3333333333333333,0.7333333333333333,1.0666666666666667,6.2,53.266666666666666,1.6,3.2,0.13333333333333333,11.466666666666667,28.498888888888885,17.6,19.0,15,29,1
2019-11-03,Jaguars,Texans,17.133333333333333,4.6,13.666666666666666,0.4,0.8666666666666667,18.133333333333333,29.666666666666668,178.06666666666666,28.733333333333334,130.93333333333334,309.0,3.2666666666666666,20.666666666666668,0.8,0.4,1.2,8.533333333333333,75.73333333333333,1.0666666666666667,2.8,0.3333333333333333,11.533333333333333,31.38,18.933333333333334,4.733333333333333,12.666666666666666,0.2,0.8,20.8,33.666666666666664,212.13333333333333,24.2,111.26666666666667,323.4,3.1333333333333333,19.466666666666665,0.3333333333333333,0.8666666666666667,1.2,6.4,55.8,1.4666666666666666,3.066666666666667,0.13333333333333333,11.6,28.62,16.866666666666667,19.0,26,3,0
2019-11-17,Jaguars,Colts,17.533333333333335,4.466666666666667,13.2,0.4,1.0,19.266666666666666,31.6,192.6,26.866666666666667,123.93333333333334,316.53333333333336,3.1333333333333333,19.8,0.8666666666666667,0.5333333333333333,1.4,8.066666666666666,70.6,1.0,2.8,0.3333333333333333,11.333333333333334,30.698888888888884,19.066666666666666,4.8,12.666666666666666,0.26666666666666666,0.7333333333333333,20.466666666666665,32.4,205.26666666666668,25.733333333333334,123.93333333333334,329.2,3.066666666666667,18.8,0.4,0.6666666666666666,1.0666666666666667,6.666666666666667,58.8,1.5333333333333334,3.1333333333333333,0.13333333333333333,11.333333333333334,29.30111111111111,17.266666666666666,18.133333333333333,13,33,1
2019-11-24,Jaguars,Titans,16.866666666666667,4.533333333333333,13.266666666666667,0.4,1.0666666666666667,20.666666666666668,33.2,204.06666666666666,24.866666666666667,110.8,314.8666666666667,3.066666666666667,19.6,0.8666666666666667,0.4666666666666667,1.3333333333333333,7.933333333333334,70.0,0.8,2.533333333333333,0.3333333333333333,11.333333333333334,30.261111111111113,19.4,4.933333333333334,12.733333333333333,0.3333333333333333,0.8666666666666667,20.933333333333334,32.733333333333334,202.93333333333334,25.8,130.4,333.3333333333333,3.2666666666666666,20.333333333333332,0.4666666666666667,0.7333333333333333,1.2,6.0,54.8,1.6666666666666667,3.2666666666666666,0.13333333333333333,11.2,29.738888888888887,16.733333333333334,18.733333333333334,20,42,1
2019-12-01,Jaguars,Buccaneers,17.666666666666668,4.6,13.466666666666667,0.4666666666666667,1.2,21.6,34.8,212.06666666666666,24.866666666666667,113.33333333333333,325.4,3.066666666666667,19.733333333333334,0.8666666666666667,0.4666666666666667,1.3333333333333333,8.133333333333333,72.0,0.9333333333333333,2.533333333333333,0.3333333333333333,11.4,30.75333333333333,19.533333333333335,4.866666666666666,12.066666666666666,0.3333333333333333,0.6666666666666666,19.666666666666668,30.466666666666665,204.8,26.933333333333334,142.26666666666668,347.06666666666666,3.1333333333333333,19.2,0.5333333333333333,0.6666666666666666,1.2,6.0,54.06666666666667,1.8666666666666667,3.4,0.13333333333333333,11.333333333333334,29.246666666666666,18.066666666666666,21.133333333333333,28,11,0
2019-12-08,Jaguars,Chargers,17.466666666666665,4.733333333333333,13.6,0.4,1.0666666666666667,21.466666666666665,34.666666666666664,211.93333333333334,24.666666666666668,112.6,324.53333333333336,3.1333333333333333,19.866666666666667,0.9333333333333333,0.6,1.5333333333333334,8.733333333333333,75.6,0.9333333333333333,2.6,0.3333333333333333,11.466666666666667,30.473333333333336,19.4,4.866666666666666,12.466666666666667,0.4,0.7333333333333333,19.866666666666667,31.066666666666666,210.06666666666666,26.866666666666667,129.6,339.6666666666667,3.3333333333333335,21.0,0.6,0.6,1.2,6.333333333333333,55.0,1.8666666666666667,3.4,0.26666666666666666,11.466666666666667,29.526666666666667,19.333333333333332,19.866666666666667,45,10,0
2019-12-15,Jaguars,Raiders,17.733333333333334,4.666666666666667,13.733333333333333,0.5333333333333333,1.3333333333333333,22.533333333333335,36.06666666666667,221.53333333333333,24.466666666666665,107.0,328.53333333333336,2.8666666666666667,17.866666666666667,0.8666666666666667,0.5333333333333333,1.4,8.866666666666667,78.66666666666667,1.0,2.6666666666666665,0.26666666666666666,11.533333333333333,30.72111111111111,20.133333333333333,4.8,12.0,0.4,0.7333333333333333,20.066666666666666,31.2,223.0,26.666666666666668,135.33333333333334,358.3333333333333,3.2,20.666666666666668,0.6,0.6,1.2,6.333333333333333,56.13333333333333,2.0,3.4,0.26666666666666666,11.4,29.27888888888889,21.266666666666666,19.666666666666668,20,16,0
2019-12-22,Jaguars,Falcons,17.6,4.466666666666667,13.666666666666666,0.6,1.4,22.533333333333335,36.4,226.0,23.8,103.73333333333333,329.73333333333335,2.6,17.133333333333333,0.8,0.5333333333333333,1.3333333333333333,8.733333333333333,78.0,1.0666666666666667,2.7333333333333334,0.13333333333333333,11.466666666666667,30.124444444444446,21.2,4.933333333333334,12.133333333333333,0.4,0.7333333333333333,20.533333333333335,32.13333333333333,230.66666666666666,27.6,139.73333333333332,370.4,3.2666666666666666,21.066666666666666,0.5333333333333333,0.5333333333333333,1.0666666666666667,6.066666666666666,53.2,1.9333333333333333,3.533333333333333,0.26666666666666666,11.4,29.875555555555554,21.466666666666665,20.266666666666666,12,24,1
2019-12-29,Jaguars,Colts,18.333333333333332,4.466666666666667,13.733333333333333,0.8,1.6666666666666667,22.466666666666665,36.666666666666664,231.6,24.333333333333332,109.4,341.0,2.6,16.933333333333334,0.8,0.4666666666666667,1.2666666666666666,8.6,75.86666666666666,1.0666666666666667,2.8,0.13333333333333333,11.4,30.25777777777778,21.533333333333335,5.0,11.866666666666667,0.3333333333333333,0.6666666666666666,21.0,32.8,242.33333333333334,27.2,139.8,382.1333333333333,2.933333333333333,19.4,0.4666666666666667,0.6666666666666666,1.1333333333333333,6.533333333333333,56.46666666666667,2.0,3.533333333333333,0.26666666666666666,11.333333333333334,29.74222222222222,22.066666666666666,20.533333333333335,20,38,1
2020-09-13,Jaguars,Colts,18.666666666666668,4.733333333333333,14.0,0.8,1.6666666666666667,22.466666666666665,37.06666666666667,227.53333333333333,24.866666666666667,108.46666666666667,336.0,2.7333333333333334,17.333333333333332,0.7333333333333333,0.4666666666666667,1.2,8.133333333333333,72.93333333333334,1.2,2.933333333333333,0.26666666666666666,11.4,30.6,21.066666666666666,4.933333333333334,12.0,0.3333333333333333,0.7333333333333333,20.133333333333333,32.2,226.66666666666666,27.266666666666666,141.06666666666666,367.73333333333335,3.1333333333333333,20.666666666666668,0.6,0.6666666666666666,1.2666666666666666,6.466666666666667,55.2,2.0,3.3333333333333335,0.26666666666666666,11.333333333333334,29.4,20.733333333333334,21.333333333333332,20,27,1
2020-09-20,Jaguars,Titans,18.733333333333334,4.866666666666666,13.8,0.6666666666666666,1.5333333333333334,22.2,36.2,225.66666666666666,25.0,107.66666666666667,333.3333333333333,2.7333333333333334,16.533333333333335,0.6666666666666666,0.4666666666666667,1.1333333333333333,7.933333333333334,72.33333333333333,1.2666666666666666,2.933333333333333,0.26666666666666666,11.4,30.373333333333335,21.733333333333334,4.8,11.8,0.3333333333333333,0.8666666666666667,21.466666666666665,33.333333333333336,241.33333333333334,26.733333333333334,138.53333333333333,379.8666666666667,2.933333333333333,19.6,0.6,0.8,1.4,6.333333333333333,57.4,2.066666666666667,3.533333333333333,0.26666666666666666,11.2,29.626666666666665,21.266666666666666,22.266666666666666,30,33,1
2020-09-24,Jaguars,Dolphins,19.933333333333334,5.4,14.0,0.7333333333333333,1.5333333333333334,22.866666666666667,37.2,233.06666666666666,25.466666666666665,112.8,345.8666666666667,2.8666666666666667,18.133333333333333,0.6666666666666666,0.6,1.2666666666666666,8.2,74.33333333333333,1.4666666666666666,3.1333333333333333,0.26666666666666666,11.2,30.94888888888889,21.866666666666667,4.733333333333333,11.4,0.3333333333333333,0.8,21.133333333333333,32.266666666666666,240.13333333333333,27.266666666666666,140.66666666666666,380.8,2.4,16.466666666666665,0.5333333333333333,0.8,1.3333333333333333,6.0,52.666666666666664,2.2666666666666666,3.6666666666666665,0.26666666666666666,11.133333333333333,29.05111111111111,22.8,23.133333333333333,31,13,0
2020-10-04,Jaguars,Bengals,19.733333333333334,5.333333333333333,13.733333333333333,0.6666666666666666,1.6666666666666667,23.6,37.8,237.06666666666666,24.066666666666666,99.66666666666667,336.73333333333335,2.8,18.266666666666666,0.7333333333333333,0.6666666666666666,1.4,7.933333333333334,71.6,1.4666666666666666,2.8666666666666667,0.26666666666666666,11.066666666666666,30.044444444444444,22.133333333333333,4.933333333333334,11.533333333333333,0.4,0.8666666666666667,20.866666666666667,31.066666666666666,230.33333333333334,28.6,145.33333333333334,375.6666666666667,2.466666666666667,16.733333333333334,0.5333333333333333,0.7333333333333333,1.2666666666666666,6.066666666666666,52.86666666666667,2.4,3.8,0.26666666666666666,11.0,29.955555555555556,23.133333333333333,22.4,25,33,1
2020-10-11,Jaguars,Texans,19.533333333333335,5.066666666666666,13.533333333333333,0.7333333333333333,1.7333333333333334,23.666666666666668,37.53333333333333,235.86666666666667,23.333333333333332,95.66666666666667,331.53333333333336,2.8666666666666667,17.933333333333334,0.5333333333333333,0.7333333333333333,1.2666666666666666,7.733333333333333,69.26666666666667,1.4666666666666666,3.0,0.26666666666666666,10.733333333333333,29.67222222222222,22.533333333333335,4.933333333333334,11.466666666666667,0.4666666666666667,0.8666666666666667,21.4,31.4,239.66666666666666,29.066666666666666,140.0,379.6666666666667,2.3333333333333335,15.333333333333334,0.5333333333333333,0.8,1.3333333333333333,6.0,53.06666666666667,2.3333333333333335,3.8666666666666667,0.13333333333333333,10.933333333333334,30.32777777777778,23.0,22.333333333333332,14,30,1
2020-10-18,Jaguars,Lions,20.266666666666666,5.333333333333333,13.666666666666666,0.8,1.8666666666666667,24.8,38.86666666666667,245.06666666666666,23.066666666666666,95.66666666666667,340.73333333333335,3.0,17.933333333333334,0.6666666666666666,0.6666666666666666,1.3333333333333333,7.866666666666666,70.6,1.6,3.1333333333333333,0.26666666666666666,10.733333333333333,30.014444444444447,22.933333333333334,4.933333333333334,11.266666666666667,0.5333333333333333,0.9333333333333333,21.466666666666665,31.333333333333332,248.66666666666666,28.8,141.66666666666666,390.3333333333333,2.2,14.266666666666667,0.5333333333333333,0.9333333333333333,1.4666666666666666,6.133333333333334,52.4,2.3333333333333335,3.8666666666666667,0.13333333333333333,10.933333333333334,29.985555555555553,23.066666666666666,23.933333333333334,34,16,0
2020-10-25,Jaguars,Chargers,19.866666666666667,5.533333333333333,13.466666666666667,0.7333333333333333,1.8666666666666667,25.466666666666665,39.666666666666664,244.2,21.2,84.2,328.4,2.933333333333333,18.0,0.7333333333333333,0.7333333333333333,1.4666666666666666,7.466666666666667,65.66666666666667,1.6666666666666667,3.066666666666667,0.13333333333333333,10.6,29.06555555555555,23.2,4.8,11.266666666666667,0.6666666666666666,1.0666666666666667,21.266666666666666,30.533333333333335,246.33333333333334,30.066666666666666,151.46666666666667,397.8,2.066666666666667,13.066666666666666,0.4666666666666667,0.8,1.2666666666666666,6.2,53.06666666666667,2.466666666666667,3.933333333333333,0.13333333333333333,10.733333333333333,30.934444444444445,23.533333333333335,23.866666666666667,29,39,1
2020-11-08,Jaguars,Texans,19.466666666666665,5.4,13.333333333333334,0.8,2.066666666666667,24.933333333333334,39.2,235.93333333333334,20.733333333333334,86.13333333333334,322.06666666666666,3.1333333333333333,19.2,0.7333333333333333,0.7333333333333333,1.4666666666666666,7.266666666666667,64.66666666666667,1.6666666666666667,2.933333333333333,0.13333333333333333,10.6,28.54111111111111,24.133333333333333,5.066666666666666,11.6,0.6,0.9333333333333333,21.733333333333334,31.466666666666665,258.46666666666664,31.266666666666666,157.4,415.8666666666667,1.6,9.8,0.4666666666666667,0.6,1.0666666666666667,5.733333333333333,49.86666666666667,2.533333333333333,4.2,0.13333333333333333,10.8,31.45888888888889,24.466666666666665,24.533333333333335,27,25,0
2020-11-15,Jaguars,Packers,19.533333333333335,5.533333333333333,13.533333333333333,0.8,2.0,24.866666666666667,38.6,236.33333333333334,21.533333333333335,88.86666666666666,325.2,3.0,18.466666666666665,0.6,0.6666666666666666,1.2666666666666666,7.266666666666667,67.6,1.8,3.066666666666667,0.13333333333333333,10.666666666666666,28.852222222222224,24.0,5.2,11.866666666666667,0.5333333333333333,0.8666666666666667,21.533333333333335,31.733333333333334,263.3333333333333,30.866666666666667,150.13333333333333,413.46666666666664,1.6666666666666667,10.266666666666667,0.4666666666666667,0.6,1.0666666666666667,5.466666666666667,47.06666666666667,2.4,4.066666666666666,0.13333333333333333,10.933333333333334,31.14777777777778,24.533333333333335,26.0,20,24,1
2020-11-22,Jaguars,Steelers,19.6,5.4,13.466666666666667,0.8,2.0,23.866666666666667,37.8,227.8,22.466666666666665,94.2,322.0,3.066666666666667,18.533333333333335,0.6,0.6666666666666666,1.2666666666666666,7.2,67.93333333333334,1.8666666666666667,3.2,0.2,10.666666666666666,28.997777777777777,23.533333333333335,5.266666666666667,12.0,0.4666666666666667,0.8,22.133333333333333,32.4,276.0,30.133333333333333,137.86666666666667,413.8666666666667,1.5333333333333334,9.4,0.4666666666666667,0.6,1.0666666666666667,5.533333333333333,48.06666666666667,2.2666666666666666,3.933333333333333,0.13333333333333333,11.066666666666666,31.002222222222223,25.0,25.4,27,3,0
2020-11-29,Jaguars,Browns,19.0,5.2,13.133333333333333,0.7333333333333333,1.9333333333333333,22.8,37.06666666666667,219.86666666666667,21.8,91.26666666666667,311.1333333333333,3.0,18.4,0.5333333333333333,0.9333333333333333,1.4666666666666666,7.0,68.0,1.7333333333333334,3.1333333333333333,0.2,10.666666666666666,28.10333333333333,23.666666666666668,5.466666666666667,12.6,0.5333333333333333,0.8666666666666667,23.333333333333332,34.266666666666666,277.0,29.733333333333334,130.33333333333334,407.3333333333333,1.4666666666666666,8.933333333333334,0.3333333333333333,0.6666666666666666,1.0,5.533333333333333,47.266666666666666,2.1333333333333333,3.7333333333333334,0.13333333333333333,11.066666666666666,31.896666666666665,25.466666666666665,22.8,27,25,0
2020-12-06,Jaguars,Vikings,19.533333333333335,5.266666666666667,13.066666666666666,0.7333333333333333,1.8,22.6,36.666666666666664,222.66666666666666,22.333333333333332,97.33333333333333,320.0,2.6666666666666665,15.266666666666667,0.4,0.8,1.2,6.266666666666667,61.53333333333333,1.8,3.1333333333333333,0.2,10.466666666666667,28.16,24.066666666666666,5.333333333333333,12.2,0.5333333333333333,0.8666666666666667,23.2,34.0,277.73333333333335,29.866666666666667,139.2,416.93333333333334,1.3333333333333333,7.533333333333333,0.3333333333333333,0.6666666666666666,1.0,5.4,47.46666666666667,2.2,3.6666666666666665,0.0,10.866666666666667,31.839999999999996,25.4,23.733333333333334,24,27,1
2020-12-13,Jaguars,Titans,19.866666666666667,5.266666666666667,12.933333333333334,0.6,1.5333333333333334,22.8,36.93333333333333,229.46666666666667,22.466666666666665,99.73333333333333,329.2,2.6666666666666665,15.733333333333333,0.5333333333333333,0.9333333333333333,1.4666666666666666,6.266666666666667,60.333333333333336,1.8,3.1333333333333333,0.3333333333333333,10.733333333333333,28.161111111111108,24.266666666666666,5.4,12.733333333333333,0.5333333333333333,0.8666666666666667,23.8,35.06666666666667,274.06666666666666,30.4,135.86666666666667,409.93333333333334,1.5333333333333334,8.866666666666667,0.4,0.7333333333333333,1.1333333333333333,5.4,45.86666666666667,2.1333333333333333,3.7333333333333334,0.0,11.266666666666667,32.38444444444444,24.0,24.866666666666667,31,10,0
2020-12-20,Jaguars,Ravens,20.066666666666666,5.4,13.066666666666666,0.6,1.6666666666666667,23.733333333333334,38.6,234.66666666666666,22.0,100.66666666666667,335.3333333333333,2.533333333333333,14.666666666666666,0.5333333333333333,1.0,1.5333333333333334,6.4,59.86666666666667,1.7333333333333334,3.066666666666667,0.3333333333333333,10.866666666666667,28.326666666666664,24.133333333333333,5.333333333333333,12.6,0.6,1.0,23.6,34.266666666666666,272.0,30.933333333333334,143.93333333333334,415.93333333333334,1.3333333333333333,7.266666666666667,0.4666666666666667,0.7333333333333333,1.2,5.466666666666667,47.666666666666664,2.2666666666666666,3.7333333333333334,0.0,11.333333333333334,32.218888888888884,24.733333333333334,24.466666666666665,14,40,1
2020-12-27,Jaguars,Bears,20.066666666666666,5.533333333333333,12.933333333333334,0.4666666666666667,1.6,24.266666666666666,38.4,236.8,21.866666666666667,97.13333333333334,333.93333333333334,2.6666666666666665,15.066666666666666,0.5333333333333333,1.0,1.5333333333333334,6.466666666666667,61.93333333333333,1.8666666666666667,3.1333333333333333,0.3333333333333333,10.733333333333333,28.41444444444444,24.0,5.4,12.533333333333333,0.6666666666666666,1.1333333333333333,22.733333333333334,33.0,263.1333333333333,31.6,145.53333333333333,408.6666666666667,1.3333333333333333,7.2,0.4666666666666667,0.6666666666666666,1.1333333333333333,5.133333333333334,46.06666666666667,2.4,3.7333333333333334,0.0,11.266666666666667,32.13111111111111,24.866666666666667,25.533333333333335,41,17,0
2021-01-03,Jaguars,Colts,19.466666666666665,5.266666666666667,12.8,0.4666666666666667,1.6,24.066666666666666,38.266666666666666,231.26666666666668,21.333333333333332,97.73333333333333,329.0,2.533333333333333,15.0,0.5333333333333333,1.0666666666666667,1.6,6.933333333333334,67.8,1.6666666666666667,2.8666666666666667,0.2,10.8,27.955555555555556,24.733333333333334,5.533333333333333,12.533333333333333,0.8,1.2,23.533333333333335,33.733333333333334,271.1333333333333,32.0,145.26666666666668,416.4,1.2,6.066666666666666,0.3333333333333333,0.7333333333333333,1.0666666666666667,5.133333333333334,46.333333333333336,2.533333333333333,3.933333333333333,0.0,11.4,32.589999999999996,26.266666666666666,24.133333333333333,14,28,1
2021-09-12,Jaguars,Texans,19.533333333333335,5.266666666666667,13.133333333333333,0.4666666666666667,1.7333333333333334,24.533333333333335,39.733333333333334,236.6,20.933333333333334,95.2,331.8,2.6666666666666665,15.533333333333333,0.6,1.0666666666666667,1.6666666666666667,6.733333333333333,67.33333333333333,1.6666666666666667,2.8666666666666667,0.2,10.933333333333334,27.938888888888886,24.466666666666665,5.466666666666667,12.4,0.7333333333333333,1.0,22.266666666666666,32.46666666666667,258.26666666666665,33.0,157.6,415.8666666666667,1.1333333333333333,5.666666666666667,0.3333333333333333,0.6666666666666666,1.0,4.866666666666666,42.0,2.533333333333333,3.8666666666666667,0.0,11.666666666666666,32.60666666666666,25.866666666666667,24.2,21,37,1
2021-09-19,Jaguars,Broncos,18.866666666666667,4.8,12.933333333333334,0.4666666666666667,1.7333333333333334,24.4,40.13333333333333,236.86666666666667,20.2,89.26666666666667,326.1333333333333,2.6,14.8,0.6,1.1333333333333333,1.7333333333333334,6.866666666666666,68.8,1.4666666666666666,2.6,0.2,11.266666666666667,27.376666666666665,24.4,5.8,13.066666666666666,0.7333333333333333,1.0,22.466666666666665,33.06666666666667,262.1333333333333,33.46666666666667,160.06666666666666,422.2,1.1333333333333333,5.266666666666667,0.3333333333333333,0.6666666666666666,1.0,4.933333333333334,43.333333333333336,2.533333333333333,4.0,0.0,11.933333333333334,33.16888888888889,25.266666666666666,24.466666666666665,23,13,0
2021-09-26,Jaguars,Cardinals,18.2,4.866666666666666,13.0,0.5333333333333333,1.6,23.333333333333332,39.53333333333333,228.06666666666666,20.133333333333333,89.46666666666667,317.53333333333336,2.4,13.133333333333333,0.5333333333333333,1.2,1.7333333333333334,6.8,69.26666666666667,1.3333333333333333,2.466666666666667,0.26666666666666666,11.266666666666667,27.076666666666664,24.333333333333332,5.466666666666667,12.933333333333334,0.8,1.0666666666666667,23.0,34.0,271.8666666666667,33.06666666666667,157.26666666666668,429.1333333333333,1.2666666666666666,6.733333333333333,0.3333333333333333,0.6666666666666666,1.0,5.2,46.666666666666664,2.4,3.933333333333333,0.0,12.0,33.468888888888884,24.733333333333334,24.466666666666665,31,19,0
2021-09-30,Jaguars,Bengals,17.866666666666667,4.866666666666666,13.066666666666666,0.5333333333333333,1.6,23.0,39.13333333333333,218.86666666666667,20.733333333333334,94.13333333333334,313.0,2.4,13.533333333333333,0.6666666666666666,1.2666666666666666,1.9333333333333333,6.666666666666667,68.66666666666667,1.3333333333333333,2.4,0.3333333333333333,11.4,27.095555555555556,24.0,5.266666666666667,12.8,0.8666666666666667,1.1333333333333333,23.2,33.86666666666667,272.93333333333334,32.8,149.66666666666666,422.6,1.2,6.733333333333333,0.3333333333333333,0.6666666666666666,1.0,5.2,45.666666666666664,2.533333333333333,3.933333333333333,0.06666666666666667,12.0,33.45,25.133333333333333,23.533333333333335,21,24,1
2021-10-10,Jaguars,Titans,17.8,4.733333333333333,12.8,0.5333333333333333,1.5333333333333334,22.066666666666666,37.46666666666667,213.06666666666666,21.4,98.4,311.46666666666664,2.2,12.866666666666667,0.5333333333333333,1.2666666666666666,1.8,6.533333333333333,67.0,1.4,2.4,0.3333333333333333,11.266666666666667,26.880000000000003,23.8,5.266666666666667,12.733333333333333,0.8,1.0666666666666667,23.2,33.666666666666664,271.93333333333334,32.8,146.26666666666668,418.2,1.2,7.0,0.3333333333333333,0.5333333333333333,0.8666666666666667,5.266666666666667,46.53333333333333,2.533333333333333,3.8666666666666667,0.06666666666666667,11.933333333333334,33.66555555555556,25.6,23.133333333333333,37,19,0
2021-10-17,Jaguars,Dolphins,18.333333333333332,4.466666666666667,12.6,0.6,1.6,21.933333333333334,36.733333333333334,214.73333333333332,22.4,108.66666666666667,323.4,2.2666666666666666,13.2,0.5333333333333333,1.2666666666666666,1.8,6.466666666666667,65.46666666666667,1.4666666666666666,2.4,0.3333333333333333,11.266666666666667,27.17666666666667,23.666666666666668,5.4,12.666666666666666,0.7333333333333333,1.0,22.866666666666667,33.06666666666667,269.3333333333333,32.6,146.53333333333333,415.8666666666667,1.4,7.866666666666666,0.3333333333333333,0.4666666666666667,0.8,5.266666666666667,45.46666666666667,2.533333333333333,3.8666666666666667,0.13333333333333333,11.8,33.36888888888889,25.8,23.333333333333332,20,23,1
2021-10-31,Jaguars,Seahawks,18.733333333333334,4.266666666666667,12.4,0.6666666666666666,1.5333333333333334,22.666666666666668,37.666666666666664,225.26666666666668,21.866666666666667,104.93333333333334,330.2,2.066666666666667,12.4,0.5333333333333333,1.2666666666666666,1.8,6.6,65.4,1.4,2.4,0.3333333333333333,11.2,27.3,23.266666666666666,5.6,12.866666666666667,0.8,1.1333333333333333,23.266666666666666,33.333333333333336,269.6666666666667,31.8,142.66666666666666,412.3333333333333,1.3333333333333333,7.733333333333333,0.3333333333333333,0.5333333333333333,0.8666666666666667,5.533333333333333,46.8,2.533333333333333,3.8,0.13333333333333333,11.6,33.245555555555555,25.2,22.266666666666666,7,31,1
2021-11-07,Jaguars,Bills,18.6,4.2,12.4,0.7333333333333333,1.7333333333333334,23.066666666666666,38.733333333333334,221.2,21.333333333333332,102.73333333333333,323.93333333333334,2.0,12.066666666666666,0.5333333333333333,1.2666666666666666,1.8,7.133333333333334,66.4,1.3333333333333333,2.2666666666666666,0.3333333333333333,11.133333333333333,27.25777777777778,23.133333333333333,5.4,12.533333333333333,0.8666666666666667,1.2,23.333333333333332,32.8,262.53333333333336,31.6,140.13333333333333,402.6666666666667,1.4,9.133333333333333,0.26666666666666666,0.5333333333333333,0.8,5.666666666666667,48.266666666666666,2.6666666666666665,3.933333333333333,0.2,11.466666666666667,33.28777777777778,23.866666666666667,22.666666666666668,6,9,1
2021-11-14,Jaguars,Colts,18.6,4.066666666666666,12.4,0.8666666666666667,1.8,23.0,38.266666666666666,220.4,21.6,100.73333333333333,321.1333333333333,1.9333333333333333,11.666666666666666,0.6,1.2,1.8,7.2,64.26666666666667,1.2666666666666666,2.2666666666666666,0.26666666666666666,11.0,27.32777777777778,23.2,5.466666666666667,12.666666666666666,0.8666666666666667,1.2,23.8,33.666666666666664,256.8,30.866666666666667,139.6,396.4,1.6,10.8,0.26666666666666666,0.6,0.8666666666666667,6.2,53.8,2.533333333333333,3.8,0.2,11.2,33.217777777777776,22.933333333333334,21.666666666666668,17,23,1
2021-11-21,Jaguars,49ers,18.666666666666668,4.133333333333334,12.533333333333333,0.8666666666666667,1.7333333333333334,23.0,38.13333333333333,221.66666666666666,22.066666666666666,107.8,329.46666666666664,2.0,11.133333333333333,0.6666666666666666,0.9333333333333333,1.6,7.2,62.53333333333333,1.3333333333333333,2.2666666666666666,0.26666666666666666,11.066666666666666,27.608888888888888,22.666666666666668,5.266666666666667,12.533333333333333,0.8,1.1333333333333333,23.133333333333333,32.86666666666667,250.2,30.866666666666667,141.0,391.2,1.6666666666666667,11.6,0.26666666666666666,0.5333333333333333,0.8,6.266666666666667,54.13333333333333,2.533333333333333,4.0,0.26666666666666666,11.133333333333333,32.93666666666667,22.266666666666666,23.0,30,10,0
2021-11-28,Jaguars,Falcons,18.133333333333333,4.133333333333334,12.4,0.8666666666666667,1.7333333333333334,22.733333333333334,37.46666666666667,215.73333333333332,21.466666666666665,102.06666666666666,317.8,2.2,11.933333333333334,0.8,0.9333333333333333,1.7333333333333334,7.4,64.66666666666667,1.2666666666666666,2.2,0.26666666666666666,10.933333333333334,27.230000000000004,22.666666666666668,5.333333333333333,12.6,0.8,1.0666666666666667,22.933333333333334,32.4,244.2,31.466666666666665,138.6,382.8,1.6666666666666667,12.133333333333333,0.2,0.5333333333333333,0.7333333333333333,5.933333333333334,51.8,2.466666666666667,3.933333333333333,0.26666666666666666,11.133333333333333,33.315555555555555,22.466666666666665,22.0,21,14,0
2021-12-05,Jaguars,Rams,18.133333333333333,4.466666666666667,12.6,0.8666666666666667,1.8666666666666667,22.4,37.46666666666667,212.4,21.666666666666668,103.2,315.6,2.1333333333333333,11.8,0.7333333333333333,0.8666666666666667,1.6,7.133333333333334,62.0,1.2666666666666666,2.2666666666666666,0.13333333333333333,10.666666666666666,27.130000000000003,22.066666666666666,5.2,12.333333333333334,0.8,1.0666666666666667,22.333333333333332,31.466666666666665,238.06666666666666,30.866666666666667,138.86666666666667,376.93333333333334,1.4666666666666666,10.6,0.13333333333333333,0.5333333333333333,0.6666666666666666,5.866666666666666,50.8,2.533333333333333,3.8666666666666667,0.26666666666666666,10.733333333333333,32.87,22.266666666666666,21.133333333333333,7,37,1
2021-12-12,Jaguars,Titans,17.733333333333334,4.466666666666667,12.466666666666667,0.8666666666666667,1.8,21.4,35.733333333333334,203.93333333333334,22.333333333333332,101.2,305.1333333333333,2.2666666666666666,12.4,0.8666666666666667,0.8,1.6666666666666667,6.666666666666667,59.266666666666666,1.2666666666666666,2.1333333333333333,0.13333333333333333,10.666666666666666,26.994444444444447,22.0,5.333333333333333,12.533333333333333,0.8,1.0,22.8,32.4,243.73333333333332,30.0,130.8,374.53333333333336,1.4666666666666666,10.466666666666667,0.06666666666666667,0.5333333333333333,0.6,5.866666666666666,48.733333333333334,2.6,3.933333333333333,0.26666666666666666,10.666666666666666,33.00555555555556,20.666666666666668,22.933333333333334,0,20,1
2021-12-19,Jaguars,Texans,17.2,4.466666666666667,12.533333333333333,0.8666666666666667,1.7333333333333334,21.533333333333335,36.46666666666667,202.53333333333333,21.4,97.6,300.1333333333333,2.1333333333333333,13.466666666666667,0.8,1.0666666666666667,1.8666666666666667,6.8,60.06666666666667,1.1333333333333333,1.9333333333333333,0.13333333333333333,10.8,26.65111111111111,21.733333333333334,5.2,12.733333333333333,0.7333333333333333,0.8666666666666667,22.866666666666667,32.733333333333334,237.8,29.8,127.0,364.8,1.6666666666666667,12.466666666666667,0.06666666666666667,0.4666666666666667,0.5333333333333333,5.733333333333333,47.06666666666667,2.4,3.8,0.26666666666666666,10.733333333333333,33.34888888888889,19.733333333333334,21.6,30,16,0
2021-12-26,Jaguars,Jets,17.666666666666668,4.333333333333333,12.666666666666666,1.0,1.9333333333333333,21.4,36.53333333333333,201.6,22.0,99.66666666666667,301.26666666666665,2.2666666666666666,14.333333333333334,0.8,0.9333333333333333,1.7333333333333334,6.4,55.06666666666667,1.2,2.066666666666667,0.13333333333333333,10.8,26.843333333333337,20.733333333333334,5.466666666666667,13.133333333333333,0.6,0.7333333333333333,22.533333333333335,32.333333333333336,234.0,29.333333333333332,123.46666666666667,357.46666666666664,1.6666666666666667,12.533333333333333,0.06666666666666667,0.4666666666666667,0.5333333333333333,6.066666666666666,48.733333333333334,2.1333333333333333,3.466666666666667,0.3333333333333333,10.666666666666666,33.156666666666666,19.0,21.533333333333335,21,26,1
2022-01-02,Jaguars,Patriots,18.266666666666666,4.4,12.533333333333333,1.1333333333333333,2.0,21.4,36.333333333333336,203.06666666666666,22.933333333333334,104.93333333333334,308.0,1.9333333333333333,14.133333333333333,0.8,0.9333333333333333,1.7333333333333334,6.333333333333333,52.13333333333333,1.2,2.2,0.13333333333333333,10.6,27.238888888888887,20.4,5.533333333333333,13.266666666666667,0.8,1.0666666666666667,22.333333333333332,32.0,229.73333333333332,29.266666666666666,123.46666666666667,353.2,1.7333333333333334,12.666666666666666,0.06666666666666667,0.4,0.4666666666666667,6.466666666666667,53.13333333333333,2.066666666666667,3.466666666666667,0.4,10.4,32.76111111111111,19.466666666666665,21.4,10,50,1
2022-01-09,Jaguars,Colts,17.666666666666668,4.4,12.4,1.0666666666666667,1.9333333333333333,20.666666666666668,34.733333333333334,193.33333333333334,23.0,105.2,298.53333333333336,2.0,14.6,0.8,0.9333333333333333,1.7333333333333334,5.866666666666666,48.333333333333336,1.1333333333333333,2.2,0.13333333333333333,10.333333333333334,27.125555555555554,21.066666666666666,5.266666666666667,12.533333333333333,0.8,1.0666666666666667,22.6,32.06666666666667,229.8,28.933333333333334,124.86666666666666,354.6666666666667,1.6666666666666667,12.533333333333333,0.06666666666666667,0.4,0.4666666666666667,6.333333333333333,51.8,2.2,3.466666666666667,0.4,10.133333333333333,32.87444444444444,18.733333333333334,22.266666666666666,11,26,1
2022-09-11,Jaguars,Commanders,18.133333333333333,4.6,12.666666666666666,1.0666666666666667,1.9333333333333333,21.266666666666666,34.666666666666664,200.2,24.0,106.93333333333334,307.1333333333333,2.0,14.733333333333333,0.8,0.8,1.6,5.8,46.93333333333333,1.2666666666666666,2.533333333333333,0.06666666666666667,10.333333333333334,27.93777777777778,20.466666666666665,5.4,12.6,0.8,1.2666666666666666,22.0,31.733333333333334,218.93333333333334,28.133333333333333,124.73333333333333,343.6666666666667,1.8666666666666667,13.866666666666667,0.13333333333333333,0.4666666666666667,0.6,5.933333333333334,48.53333333333333,2.1333333333333333,3.4,0.4,10.0,32.062222222222225,17.933333333333334,23.133333333333333,22,28,1
2022-09-18,Jaguars,Colts,18.4,4.666666666666667,12.733333333333333,1.0,1.9333333333333333,21.4,35.2,204.06666666666666,23.266666666666666,104.53333333333333,308.6,1.9333333333333333,14.6,0.6666666666666666,0.7333333333333333,1.4,6.4,50.266666666666666,1.2666666666666666,2.6,0.0,10.266666666666667,27.934444444444445,20.666666666666668,5.8,12.666666666666666,0.6666666666666666,1.1333333333333333,21.933333333333334,32.2,218.2,28.0,124.33333333333333,342.53333333333336,1.9333333333333333,14.4,0.2,0.5333333333333333,0.7333333333333333,5.866666666666666,48.86666666666667,2.066666666666667,3.2666666666666666,0.3333333333333333,10.066666666666666,32.065555555555555,17.333333333333332,23.733333333333334,0,24,1
2022-09-25,Jaguars,Chargers,18.4,4.666666666666667,12.933333333333334,1.0666666666666667,2.0,21.933333333333334,35.6,206.26666666666668,23.733333333333334,101.66666666666667,307.93333333333334,1.8666666666666667,14.466666666666667,0.6666666666666666,0.7333333333333333,1.4,6.466666666666667,50.86666666666667,1.2,2.466666666666667,0.0,10.466666666666667,28.567777777777778,19.866666666666667,5.6,12.733333333333333,0.6666666666666666,1.2666666666666666,21.333333333333332,32.06666666666667,206.33333333333334,27.4,122.73333333333333,329.06666666666666,2.2,16.066666666666666,0.2,0.7333333333333333,0.9333333333333333,5.8,48.333333333333336,2.0,3.2666666666666666,0.3333333333333333,10.2,31.432222222222222,15.933333333333334,23.733333333333334,38,10,0
2022-10-02,Jaguars,Eagles,18.466666666666665,5.0,13.266666666666667,1.1333333333333333,2.0,22.266666666666666,36.0,206.66666666666666,24.066666666666666,98.53333333333333,305.2,1.7333333333333334,13.333333333333334,0.6,0.6666666666666666,1.2666666666666666,6.333333333333333,49.333333333333336,1.2,2.533333333333333,0.0,10.466666666666667,29.231111111111108,19.4,5.6,12.866666666666667,0.6,1.3333333333333333,22.066666666666666,33.6,213.13333333333333,25.8,112.2,325.3333333333333,2.066666666666667,15.933333333333334,0.26666666666666666,0.8,1.0666666666666667,5.8,49.0,1.8,3.1333333333333333,0.26666666666666666,10.266666666666667,30.76888888888889,16.0,23.133333333333333,21,29,1
2022-10-09,Jaguars,Texans,17.933333333333334,4.933333333333334,12.933333333333334,1.0,1.8666666666666667,21.333333333333332,34.8,195.73333333333332,24.066666666666666,97.66666666666667,293.4,1.8666666666666667,14.6,0.8,0.7333333333333333,1.5333333333333334,6.066666666666666,48.266666666666666,1.2666666666666666,2.6,0.06666666666666667,10.466666666666667,28.752222222222223,19.533333333333335,5.266666666666667,12.733333333333333,0.7333333333333333,1.5333333333333334,20.866666666666667,32.06666666666667,202.26666666666668,27.8,121.06666666666666,323.3333333333333,2.2,16.8,0.26666666666666666,0.8,1.0666666666666667,5.533333333333333,46.666666666666664,1.9333333333333333,3.2666666666666666,0.26666666666666666,10.333333333333334,31.24777777777778,16.066666666666666,23.533333333333335,13,6,0
2022-10-16,Jaguars,Colts,18.066666666666666,5.0,12.933333333333334,0.9333333333333333,1.8,20.866666666666667,34.333333333333336,199.66666666666666,24.533333333333335,101.26666666666667,300.93333333333334,1.8,13.866666666666667,0.8,0.8,1.6,5.666666666666667,45.266666666666666,1.2,2.7333333333333334,0.06666666666666667,10.4,28.534444444444443,19.4,5.4,12.933333333333334,0.6666666666666666,1.4666666666666666,20.6,32.06666666666667,200.4,28.2,124.2,324.6,2.066666666666667,15.0,0.26666666666666666,0.8,1.0666666666666667,5.466666666666667,45.666666666666664,1.8,3.066666666666667,0.2,10.333333333333334,31.465555555555557,16.466666666666665,21.866666666666667,27,34,1
2022-10-23,Jaguars,Giants,18.666666666666668,5.2,12.733333333333333,0.8666666666666667,1.8,21.066666666666666,33.93333333333333,199.46666666666667,24.933333333333334,112.2,311.6666666666667,1.9333333333333333,15.0,0.8,0.8,1.6,5.4,44.6,1.4,2.8,0.06666666666666667,10.4,28.655555555555555,20.2,5.666666666666667,12.933333333333334,0.6666666666666666,1.4,21.333333333333332,32.8,211.06666666666666,28.333333333333332,122.4,333.46666666666664,1.8,12.666666666666666,0.2,0.6666666666666666,0.8666666666666667,5.133333333333334,41.266666666666666,2.0,3.2666666666666666,0.2,10.333333333333334,31.344444444444445,17.866666666666667,23.533333333333335,23,17,0
2022-10-30,Jaguars,Broncos,19.466666666666665,5.266666666666667,12.6,1.0,2.066666666666667,21.466666666666665,34.53333333333333,210.0,24.733333333333334,109.73333333333333,319.73333333333335,1.7333333333333334,14.333333333333334,0.8,0.8,1.6,5.733333333333333,44.733333333333334,1.4666666666666666,3.066666666666667,0.06666666666666667,10.133333333333333,28.52888888888889,21.0,5.8,12.733333333333333,0.6666666666666666,1.4666666666666666,21.133333333333333,32.53333333333333,213.2,29.133333333333333,129.66666666666666,342.8666666666667,1.8,12.0,0.2,0.6666666666666666,0.8666666666666667,5.2,42.6,2.0,3.3333333333333335,0.13333333333333333,10.066666666666666,31.47111111111111,18.266666666666666,23.133333333333333,21,17,0
2022-11-06,Jaguars,Raiders,20.133333333333333,5.2,12.6,0.9333333333333333,2.0,21.6,34.93333333333333,207.86666666666667,25.8,118.86666666666666,326.73333333333335,1.6666666666666667,14.8,0.6666666666666666,0.9333333333333333,1.6,5.533333333333333,44.6,1.4666666666666666,3.1333333333333333,0.06666666666666667,10.4,29.357777777777777,20.533333333333335,5.533333333333333,12.666666666666666,0.7333333333333333,1.6,21.266666666666666,33.06666666666667,217.73333333333332,28.2,125.0,342.73333333333335,1.8666666666666667,12.533333333333333,0.2,0.7333333333333333,0.9333333333333333,5.933333333333334,47.13333333333333,2.066666666666667,3.3333333333333335,0.13333333333333333,10.266666666666667,30.642222222222223,17.666666666666668,23.6,20,27,1
2022-11-13,Jaguars,Chiefs,20.266666666666666,5.2,12.533333333333333,0.9333333333333333,1.8666666666666667,21.733333333333334,34.2,209.13333333333333,26.4,120.66666666666667,329.8,1.6,14.0,0.6666666666666666,0.8666666666666667,1.5333333333333334,5.4,43.733333333333334,1.6,3.2,0.06666666666666667,10.466666666666667,29.576666666666664,20.2,5.4,12.666666666666666,0.8,1.8,21.4,33.53333333333333,222.06666666666666,27.533333333333335,119.93333333333334,342.0,1.9333333333333333,12.8,0.26666666666666666,0.6666666666666666,0.9333333333333333,5.933333333333334,48.4,1.8666666666666667,3.2,0.13333333333333333,10.266666666666667,30.423333333333336,17.6,24.466666666666665,17,27,1
2022-11-27,Jaguars,Ravens,20.466666666666665,5.133333333333334,12.666666666666666,1.0,1.8666666666666667,22.6,35.0,216.06666666666666,25.8,121.6,337.6666666666667,1.8,14.666666666666666,0.5333333333333333,0.8666666666666667,1.4,5.533333333333333,43.13333333333333,1.6666666666666667,3.3333333333333335,0.06666666666666667,10.466666666666667,29.936666666666664,20.333333333333332,5.533333333333333,12.533333333333333,0.8,1.8,21.4,33.333333333333336,224.8,27.533333333333335,121.73333333333333,346.53333333333336,1.8666666666666667,12.466666666666667,0.4,0.7333333333333333,1.1333333333333333,5.466666666666667,45.266666666666666,1.9333333333333333,3.2666666666666666,0.13333333333333333,10.266666666666667,30.063333333333333,18.266666666666666,23.8,27,28,1
2022-12-04,Jaguars,Lions,21.066666666666666,5.066666666666666,12.666666666666666,1.0666666666666667,1.9333333333333333,22.933333333333334,34.8,223.4,26.6,123.6,347.0,1.8666666666666667,14.0,0.6,0.6,1.2,5.2,39.13333333333333,1.8,3.6,0.06666666666666667,10.4,30.223333333333336,20.466666666666665,5.666666666666667,12.466666666666667,0.8,1.8666666666666667,21.133333333333333,33.4,230.93333333333334,27.6,125.73333333333333,356.6666666666667,1.6666666666666667,10.533333333333333,0.5333333333333333,0.7333333333333333,1.2666666666666666,5.533333333333333,45.6,1.9333333333333333,3.4,0.13333333333333333,10.266666666666667,29.776666666666664,20.066666666666666,24.333333333333332,14,40,1
2022-12-11,Jaguars,Titans,20.6,5.066666666666666,12.533333333333333,1.1333333333333333,2.0,22.733333333333334,34.53333333333333,222.2,26.2,122.8,345.0,1.8,13.533333333333333,0.6666666666666666,0.6,1.2666666666666666,5.266666666666667,38.06666666666667,1.8,3.533333333333333,0.06666666666666667,10.266666666666667,29.775555555555556,21.666666666666668,5.533333333333333,12.066666666666666,0.8,1.8666666666666667,21.933333333333334,34.13333333333333,239.66666666666666,27.933333333333334,127.4,367.06666666666666,1.7333333333333334,10.533333333333333,0.5333333333333333,0.6666666666666666,1.2,5.0,41.93333333333333,2.2,3.6,0.06666666666666667,10.133333333333333,30.224444444444444,19.0,25.933333333333334,36,22,0
2022-12-18,Jaguars,Cowboys,20.266666666666666,5.066666666666666,12.533333333333333,1.0,1.8666666666666667,23.0,34.733333333333334,229.93333333333334,25.8,118.0,347.93333333333334,1.7333333333333334,11.666666666666666,0.6,0.6,1.2,5.733333333333333,42.06666666666667,1.8,3.533333333333333,0.06666666666666667,10.466666666666667,29.813333333333336,21.933333333333334,5.6,11.933333333333334,0.6,1.6,22.666666666666668,35.2,248.13333333333333,26.866666666666667,118.33333333333333,366.46666666666664,1.9333333333333333,12.2,0.7333333333333333,0.7333333333333333,1.4666666666666666,4.866666666666666,39.86666666666667,2.3333333333333335,3.533333333333333,0.0,10.333333333333334,30.186666666666667,20.0,25.666666666666668,34,40,1
2022-12-22,Jaguars,Jets,21.266666666666666,5.4,12.733333333333333,1.0,1.8666666666666667,23.666666666666668,35.733333333333334,239.13333333333333,26.466666666666665,125.46666666666667,364.6,1.6666666666666667,10.8,0.7333333333333333,0.4666666666666667,1.2,5.8,42.86666666666667,2.0,3.7333333333333334,0.13333333333333333,10.666666666666666,30.11111111111111,21.4,5.666666666666667,12.333333333333334,0.6,1.6,22.533333333333335,34.93333333333333,245.0,27.2,116.53333333333333,361.53333333333336,2.1333333333333333,13.066666666666666,0.7333333333333333,0.8666666666666667,1.6,4.8,39.06666666666667,2.1333333333333333,3.4,0.0,10.466666666666667,30.09777777777778,21.6,25.0,19,3,0
2023-01-01,Jaguars,Texans,21.266666666666666,5.4,12.8,0.9333333333333333,1.8,23.466666666666665,35.666666666666664,239.2,27.0,128.53333333333333,367.73333333333335,1.6666666666666667,11.133333333333333,0.8,0.4666666666666667,1.2666666666666666,5.6,41.266666666666666,1.9333333333333333,3.6,0.13333333333333333,10.666666666666666,30.214444444444446,21.2,5.533333333333333,12.4,0.5333333333333333,1.6,22.666666666666668,35.2,246.46666666666667,27.333333333333332,114.66666666666667,361.1333333333333,1.9333333333333333,11.4,0.7333333333333333,0.8666666666666667,1.6,5.133333333333334,39.86666666666667,2.066666666666667,3.3333333333333335,0.0,10.533333333333333,29.994444444444447,22.133333333333333,23.466666666666665,31,3,0
2023-01-07,Jaguars,Titans,21.0,5.466666666666667,12.8,0.9333333333333333,1.7333333333333334,23.333333333333332,34.8,233.06666666666666,27.733333333333334,131.6,364.6666666666667,1.6666666666666667,11.0,0.8,0.5333333333333333,1.3333333333333333,4.866666666666666,37.266666666666666,1.9333333333333333,3.4,0.2,10.733333333333333,30.37777777777778,20.333333333333332,5.466666666666667,12.866666666666667,0.5333333333333333,1.8666666666666667,22.533333333333335,35.4,239.0,26.866666666666667,114.6,353.6,2.0,12.066666666666666,0.7333333333333333,0.7333333333333333,1.4666666666666666,5.2,38.666666666666664,1.9333333333333333,3.2666666666666666,0.0,10.6,29.831111111111113,22.733333333333334,21.8,16,20,1
